Comment,Designator,Footprint,LCSC
Ferrite,FB1,0603,C108301
1000pf,C3,C_0603_1608Metric,C1856398
Polyfuse,F1,Fuse_2920_7451Metric,C192524
100 ohm,"R2,R5",R_0603_1608Metric,C22775
390 ohm,"R1,R3,R4,R6",R_0603_1608Metric,C23018
4.7k,"R10,R11",R_0603_1608Metric,C23162
PCA9615DPJ,U2,TSSOP-10_3x3mm_P0.5mm,C2652385
0.1 uf,"C1,C2,C4,C5,C6,C7",C_0603_1608Metric,C3847691
1N4148,D1,D_0603_1608Metric,C81598
PI 40pin GPIO,P1,PinSocket_2x20_P2.54mm_Vertical,
JST-SH4 Qwiic,J6,JST_SH_SM04B-SRSS-TB_1x04-1MP_P1.00mm_Horizontal,
RJ45_Shielded,J1,RJ45_Amphenol_RJHSE5380,
Shell GND,J2,PinHeader_1x02_P2.54mm_Vertical,
TP-DSDA-,TP3,TestPoint_THTPad_1.5x1.5mm_Drill0.7mm,
TP-DSDA+,TP4,TestPoint_THTPad_1.5x1.5mm_Drill0.7mm,
TP-SCL,TP2,TestPoint_THTPad_1.5x1.5mm_Drill0.7mm,
TP SDA,TP1,TestPoint_THTPad_1.5x1.5mm_Drill0.7mm,
M2.5,MK1,MountingHole_3.2mm_M3_Pad_TopBottom,
M2.5,MK2,MountingHole_3.2mm_M3_Pad_TopBottom,
TP-DSCL-,TP6,TestPoint_THTPad_1.5x1.5mm_Drill0.7mm,
TP-DSCL+,TP5,TestPoint_THTPad_1.5x1.5mm_Drill0.7mm,
TP_GND,TP7,TestPoint_THTPad_1.5x1.5mm_Drill0.7mm,
