Designator,Val,Package,Mid X,Mid Y,Rotation,Layer
C1,0.1 uf,C_0603_1608Metric,-63.2968,71.7804,0.0,top
C2,0.1uf,C_0603_1608Metric,-81.9,51.2596,90.0,top
C3,1000pf,C_0603_1608Metric,-78.0288,51.2596,90.0,top
C4,0.1uf,C_0603_1608Metric,-59.2836,69.2912,0.0,top
C5,0.1uf,C_0603_1608Metric,-55.3212,69.342,0.0,top
C6,0.1uf,C_0603_1608Metric,-55.2196,66.0908,0.0,top
C7,0.1uf,C_0603_1608Metric,-59.436,66.04,0.0,top
D1,1N4148,D_0603_1608Metric,-70.7554,71.6788,0.0,top
F1,Polyfuse,Fuse_2920_7451Metric,-78.3,59.1,90.0,top
FB1,Ferrite,0603,-82.2456,55.6456,-90.0,top
J1,RJ45_Shielded,RJ45_Amphenol_RJHSE5380,-44.5282,61.972,-90.0,top
J2,Shell GND,PinHeader_1x02_P2.54mm_Vertical,-40.1778,50.292,90.0,top
J6,JST-SH4 Qwiic,JST_SH_SM04B-SRSS-TB_1x04-1MP_P1.00mm_Horizontal,-97.79,69.4944,-90.0,top
P1,PI 40pin GPIO,PinSocket_2x20_P2.54mm_Vertical,-68.622,77.2088,270.0,bottom
R1,390 ohm,R_0603_1608Metric,-59.5376,61.7728,-90.0,top
R2,100 ohm,R_0603_1608Metric,-59.5376,57.7088,-90.0,top
R3,390 ohm,R_0603_1608Metric,-59.5376,53.7464,-90.0,top
R4,390 ohm,R_0603_1608Metric,-55.9308,61.8236,-90.0,top
R5,100 ohm,R_0603_1608Metric,-55.9308,57.8104,-90.0,top
R6,390 ohm,R_0603_1608Metric,-55.9308,53.848,-90.0,top
R10,4.7k,R_0603_1608Metric,-88.4,63.825,90.0,top
R11,4.7k,R_0603_1608Metric,-90.9828,63.8048,90.0,top
U2,PCA9615DPJ,TSSOP-10_3x3mm_P0.5mm,-67.7672,64.4652,-90.0,top
