"Source:","/home/dave/Projects/PSWS-project-redux/rm3100PiHatLocal/rm3100PiHatLocal.kicad_sch"
"Date:","Tue 03 Oct 2023 10:04:00 PM CDT"
"Tool:","Eeschema 7.0.8-7.0.8~ubuntu22.04.1"
"Generator:","/usr/share/kicad/plugins/bom_csv_grouped_by_value_with_fp.py"
"Component Count:","33"
"Ref","Qnty","Value","Cmp name","Footprint","Description","Vendor","DNP"
"C1","1","0.1 uf","C_Small","Capacitor_SMD:C_0603_1608Metric","Unpolarized capacitor, small symbol","",""
"C2, C4, C5, C6, C7","5","0.1uf","C_Small","Capacitor_SMD:C_0603_1608Metric","Unpolarized capacitor, small symbol","",""
"C3","1","1000pf","C_Small","Capacitor_SMD:C_0603_1608Metric","Unpolarized capacitor, small symbol","",""
"D1","1","1N4148","1N4148","Diode_SMD:D_0603_1608Metric","100V 0.15A standard switching diode, DO-35","",""
"F1","1","Polyfuse","Polyfuse_Small","Fuse:Fuse_0603_1608Metric","Resettable fuse, polymeric positive temperature coefficient, small symbol","",""
"FB1","1","Ferrite","Ferrite_Bead_Small-Device","Digikey_Footprints:0603","","",""
"J1","1","RJ45_Shielded","RJ45_Shielded","Connector_RJ:RJ45_Amphenol_RJHSE5380","RJ connector, 8P8C (8 positions 8 connected), Shielded","",""
"J2","1","Shell GND","Conn_01x02","Connector_PinHeader_2.54mm:PinHeader_1x02_P2.54mm_Vertical","Generic connector, single row, 01x02, script generated (kicad-library-utils/schlib/autogen/connector/)","",""
"J6","1","JST-SH4 Qwiic","Conn_01x04","Connector_JST:JST_SH_SM04B-SRSS-TB_1x04-1MP_P1.00mm_Horizontal","Generic connector, single row, 01x04, script generated (kicad-library-utils/schlib/autogen/connector/)","",""
"JP1","1","I2C PullUps","SolderJumper_3_Bridged123","Base_Folder:SolderJumper-3_P1.3mm_Bridged123_RoundedPad1.0x1.5mm","Solder Jumper, 3-pole, pins 1+2+3 closed/bridged","",""
"MK1, MK2","2","M2.5","MountingHole_Pad","MountingHole:MountingHole_3.2mm_M3_Pad_TopBottom","Mounting Hole with connection","",""
"P1","1","PI 40pin GPIO","Conn_02x20_Odd_Even","Connector_PinSocket_2.54mm:PinSocket_2x20_P2.54mm_Vertical","Generic connector, double row, 02x20, odd/even pin numbering scheme (row 1 odd numbers, row 2 even numbers), script generated (kicad-library-utils/schlib/autogen/connector/)","",""
"R1, R3, R4, R6","4","390 ohm","R_US","Resistor_SMD:R_0603_1608Metric","Resistor, US symbol","",""
"R2, R5","2","100 ohm","R_US","Resistor_SMD:R_0603_1608Metric","Resistor, US symbol","",""
"R10, R11","2","4.7k","R_Small_US","Resistor_SMD:R_0603_1608Metric","Resistor, small US symbol","",""
"TP1","1","TP SDA","TestPoint_Small","TestPoint:TestPoint_THTPad_1.5x1.5mm_Drill0.7mm","test point","",""
"TP2","1","TP-SCL","TestPoint_Small","TestPoint:TestPoint_THTPad_1.5x1.5mm_Drill0.7mm","test point","",""
"TP3","1","TP-DSDA-","TestPoint_Small","TestPoint:TestPoint_THTPad_1.5x1.5mm_Drill0.7mm","test point","",""
"TP4","1","TP-DSDA+","TestPoint_Small","TestPoint:TestPoint_THTPad_1.5x1.5mm_Drill0.7mm","test point","",""
"TP5","1","TP-DSCL+","TestPoint_Small","TestPoint:TestPoint_THTPad_1.5x1.5mm_Drill0.7mm","test point","",""
"TP6","1","TP-DSCL-","TestPoint_Small","TestPoint:TestPoint_THTPad_1.5x1.5mm_Drill0.7mm","test point","",""
"TP7","1","TP_GND","TestPoint_Small","TestPoint:TestPoint_THTPad_1.5x1.5mm_Drill0.7mm","test point","",""
"U2","1","PCA9615DPJ","PCA9615DPJ","basic-rm3100:TSSOP-10_3x3mm_P0.5mm","","",""
