<?xml version="1.0" encoding="UTF-8"?>
<export version="E">
  <design>
    <source>/home/dave/Projects/PSWS-project-redux/rm3100PiHatLocal/rm3100PiHatLocal.kicad_sch</source>
    <date>Tue 03 Oct 2023 10:04:00 PM CDT</date>
    <tool>Eeschema 7.0.8-7.0.8~ubuntu22.04.1</tool>
    <sheet number="1" name="/" tstamps="/">
      <title_block>
        <title>RasPiHatLocal-min</title>
        <company>WWR Development, LLC</company>
        <rev>0.0.3</rev>
        <date>2023-10-01</date>
        <source>rm3100PiHatLocal.kicad_sch</source>
        <comment number="1" value=""/>
        <comment number="2" value=""/>
        <comment number="3" value=""/>
        <comment number="4" value=""/>
        <comment number="5" value=""/>
        <comment number="6" value=""/>
        <comment number="7" value=""/>
        <comment number="8" value=""/>
        <comment number="9" value=""/>
      </title_block>
    </sheet>
  </design>
  <components>
    <comp ref="C1">
      <value>0.1 uf</value>
      <footprint>Capacitor_SMD:C_0603_1608Metric</footprint>
      <libsource lib="Device" part="C_Small" description="Unpolarized capacitor, small symbol"/>
      <property name="Sheetname" value=""/>
      <property name="Sheetfile" value="rm3100PiHatLocal.kicad_sch"/>
      <property name="ki_description" value="Unpolarized capacitor, small symbol"/>
      <property name="ki_keywords" value="capacitor cap"/>
      <sheetpath names="/" tstamps="/"/>
      <tstamps>00000000-0000-0000-0000-00005f368a37</tstamps>
    </comp>
    <comp ref="C2">
      <value>0.1uf</value>
      <footprint>Capacitor_SMD:C_0603_1608Metric</footprint>
      <libsource lib="Device" part="C_Small" description="Unpolarized capacitor, small symbol"/>
      <property name="Sheetname" value=""/>
      <property name="Sheetfile" value="rm3100PiHatLocal.kicad_sch"/>
      <property name="ki_description" value="Unpolarized capacitor, small symbol"/>
      <property name="ki_keywords" value="capacitor cap"/>
      <sheetpath names="/" tstamps="/"/>
      <tstamps>00000000-0000-0000-0000-00005f295bc4</tstamps>
    </comp>
    <comp ref="C3">
      <value>1000pf</value>
      <footprint>Capacitor_SMD:C_0603_1608Metric</footprint>
      <libsource lib="Device" part="C_Small" description="Unpolarized capacitor, small symbol"/>
      <property name="Sheetname" value=""/>
      <property name="Sheetfile" value="rm3100PiHatLocal.kicad_sch"/>
      <property name="ki_description" value="Unpolarized capacitor, small symbol"/>
      <property name="ki_keywords" value="capacitor cap"/>
      <sheetpath names="/" tstamps="/"/>
      <tstamps>00000000-0000-0000-0000-00005f296731</tstamps>
    </comp>
    <comp ref="C4">
      <value>0.1uf</value>
      <footprint>Capacitor_SMD:C_0603_1608Metric</footprint>
      <libsource lib="Device" part="C_Small" description="Unpolarized capacitor, small symbol"/>
      <property name="Sheetname" value=""/>
      <property name="Sheetfile" value="rm3100PiHatLocal.kicad_sch"/>
      <property name="ki_description" value="Unpolarized capacitor, small symbol"/>
      <property name="ki_keywords" value="capacitor cap"/>
      <sheetpath names="/" tstamps="/"/>
      <tstamps>00000000-0000-0000-0000-00005f82d39d</tstamps>
    </comp>
    <comp ref="C5">
      <value>0.1uf</value>
      <footprint>Capacitor_SMD:C_0603_1608Metric</footprint>
      <libsource lib="Device" part="C_Small" description="Unpolarized capacitor, small symbol"/>
      <property name="Sheetname" value=""/>
      <property name="Sheetfile" value="rm3100PiHatLocal.kicad_sch"/>
      <property name="ki_description" value="Unpolarized capacitor, small symbol"/>
      <property name="ki_keywords" value="capacitor cap"/>
      <sheetpath names="/" tstamps="/"/>
      <tstamps>00000000-0000-0000-0000-00005f82f547</tstamps>
    </comp>
    <comp ref="C6">
      <value>0.1uf</value>
      <footprint>Capacitor_SMD:C_0603_1608Metric</footprint>
      <libsource lib="Device" part="C_Small" description="Unpolarized capacitor, small symbol"/>
      <property name="Sheetname" value=""/>
      <property name="Sheetfile" value="rm3100PiHatLocal.kicad_sch"/>
      <property name="ki_description" value="Unpolarized capacitor, small symbol"/>
      <property name="ki_keywords" value="capacitor cap"/>
      <sheetpath names="/" tstamps="/"/>
      <tstamps>00000000-0000-0000-0000-00005f82fad2</tstamps>
    </comp>
    <comp ref="C7">
      <value>0.1uf</value>
      <footprint>Capacitor_SMD:C_0603_1608Metric</footprint>
      <libsource lib="Device" part="C_Small" description="Unpolarized capacitor, small symbol"/>
      <property name="Sheetname" value=""/>
      <property name="Sheetfile" value="rm3100PiHatLocal.kicad_sch"/>
      <property name="ki_description" value="Unpolarized capacitor, small symbol"/>
      <property name="ki_keywords" value="capacitor cap"/>
      <sheetpath names="/" tstamps="/"/>
      <tstamps>00000000-0000-0000-0000-00005f830317</tstamps>
    </comp>
    <comp ref="D1">
      <value>1N4148</value>
      <footprint>Diode_SMD:D_0603_1608Metric</footprint>
      <datasheet>https://assets.nexperia.com/documents/data-sheet/1N4148_1N4448.pdf</datasheet>
      <libsource lib="Diode" part="1N4148" description="100V 0.15A standard switching diode, DO-35"/>
      <property name="Sheetname" value=""/>
      <property name="Sheetfile" value="rm3100PiHatLocal.kicad_sch"/>
      <property name="ki_description" value="100V 0.15A standard switching diode, DO-35"/>
      <property name="ki_keywords" value="diode"/>
      <sheetpath names="/" tstamps="/"/>
      <tstamps>00000000-0000-0000-0000-00005f31df18</tstamps>
    </comp>
    <comp ref="F1">
      <value>Polyfuse</value>
      <footprint>Fuse:Fuse_0603_1608Metric</footprint>
      <libsource lib="Device" part="Polyfuse_Small" description="Resettable fuse, polymeric positive temperature coefficient, small symbol"/>
      <property name="Sheetname" value=""/>
      <property name="Sheetfile" value="rm3100PiHatLocal.kicad_sch"/>
      <property name="ki_description" value="Resettable fuse, polymeric positive temperature coefficient, small symbol"/>
      <property name="ki_keywords" value="resettable fuse PTC PPTC polyfuse polyswitch"/>
      <sheetpath names="/" tstamps="/"/>
      <tstamps>00000000-0000-0000-0000-00005f2b97cb</tstamps>
    </comp>
    <comp ref="FB1">
      <value>Ferrite</value>
      <footprint>Digikey_Footprints:0603</footprint>
      <libsource lib="rescue_sym" part="Ferrite_Bead_Small-Device" description=""/>
      <property name="Sheetname" value=""/>
      <property name="Sheetfile" value="rm3100PiHatLocal.kicad_sch"/>
      <sheetpath names="/" tstamps="/"/>
      <tstamps>00000000-0000-0000-0000-00005f2ee23e</tstamps>
    </comp>
    <comp ref="J1">
      <value>RJ45_Shielded</value>
      <footprint>Connector_RJ:RJ45_Amphenol_RJHSE5380</footprint>
      <libsource lib="Connector" part="RJ45_Shielded" description="RJ connector, 8P8C (8 positions 8 connected), Shielded"/>
      <property name="Sheetname" value=""/>
      <property name="Sheetfile" value="rm3100PiHatLocal.kicad_sch"/>
      <property name="ki_description" value="RJ connector, 8P8C (8 positions 8 connected), Shielded"/>
      <property name="ki_keywords" value="8P8C RJ jack socket connector"/>
      <sheetpath names="/" tstamps="/"/>
      <tstamps>00000000-0000-0000-0000-00005f4a6bd9</tstamps>
    </comp>
    <comp ref="J2">
      <value>Shell GND</value>
      <footprint>Connector_PinHeader_2.54mm:PinHeader_1x02_P2.54mm_Vertical</footprint>
      <libsource lib="Connector_Generic" part="Conn_01x02" description="Generic connector, single row, 01x02, script generated (kicad-library-utils/schlib/autogen/connector/)"/>
      <property name="Sheetname" value=""/>
      <property name="Sheetfile" value="rm3100PiHatLocal.kicad_sch"/>
      <property name="ki_description" value="Generic connector, single row, 01x02, script generated (kicad-library-utils/schlib/autogen/connector/)"/>
      <property name="ki_keywords" value="connector"/>
      <sheetpath names="/" tstamps="/"/>
      <tstamps>00000000-0000-0000-0000-00005f32d077</tstamps>
    </comp>
    <comp ref="J6">
      <value>JST-SH4 Qwiic</value>
      <footprint>Connector_JST:JST_SH_SM04B-SRSS-TB_1x04-1MP_P1.00mm_Horizontal</footprint>
      <libsource lib="Connector_Generic" part="Conn_01x04" description="Generic connector, single row, 01x04, script generated (kicad-library-utils/schlib/autogen/connector/)"/>
      <property name="Sheetname" value=""/>
      <property name="Sheetfile" value="rm3100PiHatLocal.kicad_sch"/>
      <property name="ki_description" value="Generic connector, single row, 01x04, script generated (kicad-library-utils/schlib/autogen/connector/)"/>
      <property name="ki_keywords" value="connector"/>
      <sheetpath names="/" tstamps="/"/>
      <tstamps>00000000-0000-0000-0000-00005f82c407</tstamps>
    </comp>
    <comp ref="JP1">
      <value>I2C PullUps</value>
      <footprint>Base_Folder:SolderJumper-3_P1.3mm_Bridged123_RoundedPad1.0x1.5mm</footprint>
      <libsource lib="Jumper" part="SolderJumper_3_Bridged123" description="Solder Jumper, 3-pole, pins 1+2+3 closed/bridged"/>
      <property name="Sheetname" value=""/>
      <property name="Sheetfile" value="rm3100PiHatLocal.kicad_sch"/>
      <property name="ki_description" value="Solder Jumper, 3-pole, pins 1+2+3 closed/bridged"/>
      <property name="ki_keywords" value="Solder Jumper SPDT"/>
      <sheetpath names="/" tstamps="/"/>
      <tstamps>167f3228-0e2f-488c-913e-62b5a06f90f2</tstamps>
    </comp>
    <comp ref="MK1">
      <value>M2.5</value>
      <footprint>MountingHole:MountingHole_3.2mm_M3_Pad_TopBottom</footprint>
      <libsource lib="Mechanical" part="MountingHole_Pad" description="Mounting Hole with connection"/>
      <property name="Sheetname" value=""/>
      <property name="Sheetfile" value="rm3100PiHatLocal.kicad_sch"/>
      <property name="ki_description" value="Mounting Hole with connection"/>
      <property name="ki_keywords" value="mounting hole"/>
      <sheetpath names="/" tstamps="/"/>
      <tstamps>00000000-0000-0000-0000-00005834fb2e</tstamps>
    </comp>
    <comp ref="MK2">
      <value>M2.5</value>
      <footprint>MountingHole:MountingHole_3.2mm_M3_Pad_TopBottom</footprint>
      <libsource lib="Mechanical" part="MountingHole_Pad" description="Mounting Hole with connection"/>
      <property name="Sheetname" value=""/>
      <property name="Sheetfile" value="rm3100PiHatLocal.kicad_sch"/>
      <property name="ki_description" value="Mounting Hole with connection"/>
      <property name="ki_keywords" value="mounting hole"/>
      <sheetpath names="/" tstamps="/"/>
      <tstamps>00000000-0000-0000-0000-00005834fc19</tstamps>
    </comp>
    <comp ref="P1">
      <value>PI 40pin GPIO</value>
      <footprint>Connector_PinSocket_2.54mm:PinSocket_2x20_P2.54mm_Vertical</footprint>
      <libsource lib="Connector_Generic" part="Conn_02x20_Odd_Even" description="Generic connector, double row, 02x20, odd/even pin numbering scheme (row 1 odd numbers, row 2 even numbers), script generated (kicad-library-utils/schlib/autogen/connector/)"/>
      <property name="Sheetname" value=""/>
      <property name="Sheetfile" value="rm3100PiHatLocal.kicad_sch"/>
      <property name="ki_description" value="Generic connector, double row, 02x20, odd/even pin numbering scheme (row 1 odd numbers, row 2 even numbers), script generated (kicad-library-utils/schlib/autogen/connector/)"/>
      <property name="ki_keywords" value="connector"/>
      <sheetpath names="/" tstamps="/"/>
      <tstamps>00000000-0000-0000-0000-000059ad464a</tstamps>
    </comp>
    <comp ref="R1">
      <value>390 ohm</value>
      <footprint>Resistor_SMD:R_0603_1608Metric</footprint>
      <libsource lib="Device" part="R_US" description="Resistor, US symbol"/>
      <property name="Sheetname" value=""/>
      <property name="Sheetfile" value="rm3100PiHatLocal.kicad_sch"/>
      <property name="ki_description" value="Resistor, US symbol"/>
      <property name="ki_keywords" value="R res resistor"/>
      <sheetpath names="/" tstamps="/"/>
      <tstamps>00000000-0000-0000-0000-00005f57a3be</tstamps>
    </comp>
    <comp ref="R2">
      <value>100 ohm</value>
      <footprint>Resistor_SMD:R_0603_1608Metric</footprint>
      <libsource lib="Device" part="R_US" description="Resistor, US symbol"/>
      <property name="Sheetname" value=""/>
      <property name="Sheetfile" value="rm3100PiHatLocal.kicad_sch"/>
      <property name="ki_description" value="Resistor, US symbol"/>
      <property name="ki_keywords" value="R res resistor"/>
      <sheetpath names="/" tstamps="/"/>
      <tstamps>00000000-0000-0000-0000-00005f57d0c3</tstamps>
    </comp>
    <comp ref="R3">
      <value>390 ohm</value>
      <footprint>Resistor_SMD:R_0603_1608Metric</footprint>
      <libsource lib="Device" part="R_US" description="Resistor, US symbol"/>
      <property name="Sheetname" value=""/>
      <property name="Sheetfile" value="rm3100PiHatLocal.kicad_sch"/>
      <property name="ki_description" value="Resistor, US symbol"/>
      <property name="ki_keywords" value="R res resistor"/>
      <sheetpath names="/" tstamps="/"/>
      <tstamps>00000000-0000-0000-0000-00005f57dd16</tstamps>
    </comp>
    <comp ref="R4">
      <value>390 ohm</value>
      <footprint>Resistor_SMD:R_0603_1608Metric</footprint>
      <libsource lib="Device" part="R_US" description="Resistor, US symbol"/>
      <property name="Sheetname" value=""/>
      <property name="Sheetfile" value="rm3100PiHatLocal.kicad_sch"/>
      <property name="ki_description" value="Resistor, US symbol"/>
      <property name="ki_keywords" value="R res resistor"/>
      <sheetpath names="/" tstamps="/"/>
      <tstamps>00000000-0000-0000-0000-00005f57784b</tstamps>
    </comp>
    <comp ref="R5">
      <value>100 ohm</value>
      <footprint>Resistor_SMD:R_0603_1608Metric</footprint>
      <libsource lib="Device" part="R_US" description="Resistor, US symbol"/>
      <property name="Sheetname" value=""/>
      <property name="Sheetfile" value="rm3100PiHatLocal.kicad_sch"/>
      <property name="ki_description" value="Resistor, US symbol"/>
      <property name="ki_keywords" value="R res resistor"/>
      <sheetpath names="/" tstamps="/"/>
      <tstamps>00000000-0000-0000-0000-00005f57f0bd</tstamps>
    </comp>
    <comp ref="R6">
      <value>390 ohm</value>
      <footprint>Resistor_SMD:R_0603_1608Metric</footprint>
      <libsource lib="Device" part="R_US" description="Resistor, US symbol"/>
      <property name="Sheetname" value=""/>
      <property name="Sheetfile" value="rm3100PiHatLocal.kicad_sch"/>
      <property name="ki_description" value="Resistor, US symbol"/>
      <property name="ki_keywords" value="R res resistor"/>
      <sheetpath names="/" tstamps="/"/>
      <tstamps>00000000-0000-0000-0000-00005f57fb43</tstamps>
    </comp>
    <comp ref="R10">
      <value>4.7k</value>
      <footprint>Resistor_SMD:R_0603_1608Metric</footprint>
      <libsource lib="Device" part="R_Small_US" description="Resistor, small US symbol"/>
      <property name="Sheetname" value=""/>
      <property name="Sheetfile" value="rm3100PiHatLocal.kicad_sch"/>
      <property name="ki_description" value="Resistor, small US symbol"/>
      <property name="ki_keywords" value="r resistor"/>
      <sheetpath names="/" tstamps="/"/>
      <tstamps>00000000-0000-0000-0000-00005f42ce72</tstamps>
    </comp>
    <comp ref="R11">
      <value>4.7k</value>
      <footprint>Resistor_SMD:R_0603_1608Metric</footprint>
      <libsource lib="Device" part="R_Small_US" description="Resistor, small US symbol"/>
      <property name="Sheetname" value=""/>
      <property name="Sheetfile" value="rm3100PiHatLocal.kicad_sch"/>
      <property name="ki_description" value="Resistor, small US symbol"/>
      <property name="ki_keywords" value="r resistor"/>
      <sheetpath names="/" tstamps="/"/>
      <tstamps>00000000-0000-0000-0000-00005f4400ee</tstamps>
    </comp>
    <comp ref="TP1">
      <value>TP SDA</value>
      <footprint>TestPoint:TestPoint_THTPad_1.5x1.5mm_Drill0.7mm</footprint>
      <libsource lib="Connector" part="TestPoint_Small" description="test point"/>
      <property name="Sheetname" value=""/>
      <property name="Sheetfile" value="rm3100PiHatLocal.kicad_sch"/>
      <property name="ki_description" value="test point"/>
      <property name="ki_keywords" value="test point tp"/>
      <sheetpath names="/" tstamps="/"/>
      <tstamps>00000000-0000-0000-0000-00005f32dea3</tstamps>
    </comp>
    <comp ref="TP2">
      <value>TP-SCL</value>
      <footprint>TestPoint:TestPoint_THTPad_1.5x1.5mm_Drill0.7mm</footprint>
      <libsource lib="Connector" part="TestPoint_Small" description="test point"/>
      <property name="Sheetname" value=""/>
      <property name="Sheetfile" value="rm3100PiHatLocal.kicad_sch"/>
      <property name="ki_description" value="test point"/>
      <property name="ki_keywords" value="test point tp"/>
      <sheetpath names="/" tstamps="/"/>
      <tstamps>00000000-0000-0000-0000-00005f710d54</tstamps>
    </comp>
    <comp ref="TP3">
      <value>TP-DSDA-</value>
      <footprint>TestPoint:TestPoint_THTPad_1.5x1.5mm_Drill0.7mm</footprint>
      <libsource lib="Connector" part="TestPoint_Small" description="test point"/>
      <property name="Sheetname" value=""/>
      <property name="Sheetfile" value="rm3100PiHatLocal.kicad_sch"/>
      <property name="ki_description" value="test point"/>
      <property name="ki_keywords" value="test point tp"/>
      <sheetpath names="/" tstamps="/"/>
      <tstamps>00000000-0000-0000-0000-00005f5e055e</tstamps>
    </comp>
    <comp ref="TP4">
      <value>TP-DSDA+</value>
      <footprint>TestPoint:TestPoint_THTPad_1.5x1.5mm_Drill0.7mm</footprint>
      <libsource lib="Connector" part="TestPoint_Small" description="test point"/>
      <property name="Sheetname" value=""/>
      <property name="Sheetfile" value="rm3100PiHatLocal.kicad_sch"/>
      <property name="ki_description" value="test point"/>
      <property name="ki_keywords" value="test point tp"/>
      <sheetpath names="/" tstamps="/"/>
      <tstamps>00000000-0000-0000-0000-00005f5e1c4e</tstamps>
    </comp>
    <comp ref="TP5">
      <value>TP-DSCL+</value>
      <footprint>TestPoint:TestPoint_THTPad_1.5x1.5mm_Drill0.7mm</footprint>
      <libsource lib="Connector" part="TestPoint_Small" description="test point"/>
      <property name="Sheetname" value=""/>
      <property name="Sheetfile" value="rm3100PiHatLocal.kicad_sch"/>
      <property name="ki_description" value="test point"/>
      <property name="ki_keywords" value="test point tp"/>
      <sheetpath names="/" tstamps="/"/>
      <tstamps>00000000-0000-0000-0000-00005f5e22fa</tstamps>
    </comp>
    <comp ref="TP6">
      <value>TP-DSCL-</value>
      <footprint>TestPoint:TestPoint_THTPad_1.5x1.5mm_Drill0.7mm</footprint>
      <libsource lib="Connector" part="TestPoint_Small" description="test point"/>
      <property name="Sheetname" value=""/>
      <property name="Sheetfile" value="rm3100PiHatLocal.kicad_sch"/>
      <property name="ki_description" value="test point"/>
      <property name="ki_keywords" value="test point tp"/>
      <sheetpath names="/" tstamps="/"/>
      <tstamps>00000000-0000-0000-0000-00005f5e2a40</tstamps>
    </comp>
    <comp ref="TP7">
      <value>TP_GND</value>
      <footprint>TestPoint:TestPoint_THTPad_1.5x1.5mm_Drill0.7mm</footprint>
      <libsource lib="Connector" part="TestPoint_Small" description="test point"/>
      <property name="Sheetname" value=""/>
      <property name="Sheetfile" value="rm3100PiHatLocal.kicad_sch"/>
      <property name="ki_description" value="test point"/>
      <property name="ki_keywords" value="test point tp"/>
      <sheetpath names="/" tstamps="/"/>
      <tstamps>00000000-0000-0000-0000-00005f5204f4</tstamps>
    </comp>
    <comp ref="U2">
      <value>PCA9615DPJ</value>
      <footprint>basic-rm3100:TSSOP-10_3x3mm_P0.5mm</footprint>
      <libsource lib="interface" part="PCA9615DPJ" description=""/>
      <property name="Sheetname" value=""/>
      <property name="Sheetfile" value="rm3100PiHatLocal.kicad_sch"/>
      <sheetpath names="/" tstamps="/"/>
      <tstamps>00000000-0000-0000-0000-00005f23874f</tstamps>
    </comp>
  </components>
  <libparts>
    <libpart lib="Connector" part="RJ45_Shielded">
      <description>RJ connector, 8P8C (8 positions 8 connected), Shielded</description>
      <docs>~</docs>
      <footprints>
        <fp>8P8C*</fp>
        <fp>RJ31*</fp>
        <fp>RJ32*</fp>
        <fp>RJ33*</fp>
        <fp>RJ34*</fp>
        <fp>RJ35*</fp>
        <fp>RJ41*</fp>
        <fp>RJ45*</fp>
        <fp>RJ49*</fp>
        <fp>RJ61*</fp>
      </footprints>
      <fields>
        <field name="Reference">J</field>
        <field name="Value">RJ45_Shielded</field>
        <field name="Datasheet">~</field>
      </fields>
      <pins>
        <pin num="1" name="" type="passive"/>
        <pin num="2" name="" type="passive"/>
        <pin num="3" name="" type="passive"/>
        <pin num="4" name="" type="passive"/>
        <pin num="5" name="" type="passive"/>
        <pin num="6" name="" type="passive"/>
        <pin num="7" name="" type="passive"/>
        <pin num="8" name="" type="passive"/>
        <pin num="SH" name="" type="passive"/>
      </pins>
    </libpart>
    <libpart lib="Connector" part="TestPoint_Small">
      <description>test point</description>
      <docs>~</docs>
      <footprints>
        <fp>Pin*</fp>
        <fp>Test*</fp>
      </footprints>
      <fields>
        <field name="Reference">TP</field>
        <field name="Value">TestPoint_Small</field>
        <field name="Datasheet">~</field>
      </fields>
      <pins>
        <pin num="1" name="1" type="passive"/>
      </pins>
    </libpart>
    <libpart lib="Connector_Generic" part="Conn_01x02">
      <description>Generic connector, single row, 01x02, script generated (kicad-library-utils/schlib/autogen/connector/)</description>
      <docs>~</docs>
      <footprints>
        <fp>Connector*:*_1x??_*</fp>
      </footprints>
      <fields>
        <field name="Reference">J</field>
        <field name="Value">Conn_01x02</field>
        <field name="Datasheet">~</field>
      </fields>
      <pins>
        <pin num="1" name="Pin_1" type="passive"/>
        <pin num="2" name="Pin_2" type="passive"/>
      </pins>
    </libpart>
    <libpart lib="Connector_Generic" part="Conn_01x04">
      <description>Generic connector, single row, 01x04, script generated (kicad-library-utils/schlib/autogen/connector/)</description>
      <docs>~</docs>
      <footprints>
        <fp>Connector*:*_1x??_*</fp>
      </footprints>
      <fields>
        <field name="Reference">J</field>
        <field name="Value">Conn_01x04</field>
        <field name="Datasheet">~</field>
      </fields>
      <pins>
        <pin num="1" name="Pin_1" type="passive"/>
        <pin num="2" name="Pin_2" type="passive"/>
        <pin num="3" name="Pin_3" type="passive"/>
        <pin num="4" name="Pin_4" type="passive"/>
      </pins>
    </libpart>
    <libpart lib="Connector_Generic" part="Conn_02x20_Odd_Even">
      <description>Generic connector, double row, 02x20, odd/even pin numbering scheme (row 1 odd numbers, row 2 even numbers), script generated (kicad-library-utils/schlib/autogen/connector/)</description>
      <docs>~</docs>
      <footprints>
        <fp>Connector*:*_2x??_*</fp>
      </footprints>
      <fields>
        <field name="Reference">J</field>
        <field name="Value">Conn_02x20_Odd_Even</field>
        <field name="Datasheet">~</field>
      </fields>
      <pins>
        <pin num="1" name="Pin_1" type="passive"/>
        <pin num="2" name="Pin_2" type="passive"/>
        <pin num="3" name="Pin_3" type="passive"/>
        <pin num="4" name="Pin_4" type="passive"/>
        <pin num="5" name="Pin_5" type="passive"/>
        <pin num="6" name="Pin_6" type="passive"/>
        <pin num="7" name="Pin_7" type="passive"/>
        <pin num="8" name="Pin_8" type="passive"/>
        <pin num="9" name="Pin_9" type="passive"/>
        <pin num="10" name="Pin_10" type="passive"/>
        <pin num="11" name="Pin_11" type="passive"/>
        <pin num="12" name="Pin_12" type="passive"/>
        <pin num="13" name="Pin_13" type="passive"/>
        <pin num="14" name="Pin_14" type="passive"/>
        <pin num="15" name="Pin_15" type="passive"/>
        <pin num="16" name="Pin_16" type="passive"/>
        <pin num="17" name="Pin_17" type="passive"/>
        <pin num="18" name="Pin_18" type="passive"/>
        <pin num="19" name="Pin_19" type="passive"/>
        <pin num="20" name="Pin_20" type="passive"/>
        <pin num="21" name="Pin_21" type="passive"/>
        <pin num="22" name="Pin_22" type="passive"/>
        <pin num="23" name="Pin_23" type="passive"/>
        <pin num="24" name="Pin_24" type="passive"/>
        <pin num="25" name="Pin_25" type="passive"/>
        <pin num="26" name="Pin_26" type="passive"/>
        <pin num="27" name="Pin_27" type="passive"/>
        <pin num="28" name="Pin_28" type="passive"/>
        <pin num="29" name="Pin_29" type="passive"/>
        <pin num="30" name="Pin_30" type="passive"/>
        <pin num="31" name="Pin_31" type="passive"/>
        <pin num="32" name="Pin_32" type="passive"/>
        <pin num="33" name="Pin_33" type="passive"/>
        <pin num="34" name="Pin_34" type="passive"/>
        <pin num="35" name="Pin_35" type="passive"/>
        <pin num="36" name="Pin_36" type="passive"/>
        <pin num="37" name="Pin_37" type="passive"/>
        <pin num="38" name="Pin_38" type="passive"/>
        <pin num="39" name="Pin_39" type="passive"/>
        <pin num="40" name="Pin_40" type="passive"/>
      </pins>
    </libpart>
    <libpart lib="Device" part="C_Small">
      <description>Unpolarized capacitor, small symbol</description>
      <docs>~</docs>
      <footprints>
        <fp>C_*</fp>
      </footprints>
      <fields>
        <field name="Reference">C</field>
        <field name="Value">C_Small</field>
        <field name="Datasheet">~</field>
      </fields>
      <pins>
        <pin num="1" name="" type="passive"/>
        <pin num="2" name="" type="passive"/>
      </pins>
    </libpart>
    <libpart lib="Device" part="Polyfuse_Small">
      <description>Resettable fuse, polymeric positive temperature coefficient, small symbol</description>
      <docs>~</docs>
      <footprints>
        <fp>*polyfuse*</fp>
        <fp>*PTC*</fp>
      </footprints>
      <fields>
        <field name="Reference">F</field>
        <field name="Value">Polyfuse_Small</field>
        <field name="Datasheet">~</field>
      </fields>
      <pins>
        <pin num="1" name="" type="passive"/>
        <pin num="2" name="" type="passive"/>
      </pins>
    </libpart>
    <libpart lib="Device" part="R_Small_US">
      <description>Resistor, small US symbol</description>
      <docs>~</docs>
      <footprints>
        <fp>R_*</fp>
      </footprints>
      <fields>
        <field name="Reference">R</field>
        <field name="Value">R_Small_US</field>
        <field name="Datasheet">~</field>
      </fields>
      <pins>
        <pin num="1" name="" type="passive"/>
        <pin num="2" name="" type="passive"/>
      </pins>
    </libpart>
    <libpart lib="Device" part="R_US">
      <description>Resistor, US symbol</description>
      <docs>~</docs>
      <footprints>
        <fp>R_*</fp>
      </footprints>
      <fields>
        <field name="Reference">R</field>
        <field name="Value">R_US</field>
        <field name="Datasheet">~</field>
      </fields>
      <pins>
        <pin num="1" name="" type="passive"/>
        <pin num="2" name="" type="passive"/>
      </pins>
    </libpart>
    <libpart lib="Diode" part="1N4148">
      <description>100V 0.15A standard switching diode, DO-35</description>
      <docs>https://assets.nexperia.com/documents/data-sheet/1N4148_1N4448.pdf</docs>
      <footprints>
        <fp>D*DO?35*</fp>
      </footprints>
      <fields>
        <field name="Reference">D</field>
        <field name="Value">1N4148</field>
        <field name="Footprint">Diode_THT:D_DO-35_SOD27_P7.62mm_Horizontal</field>
        <field name="Datasheet">https://assets.nexperia.com/documents/data-sheet/1N4148_1N4448.pdf</field>
        <field name="Sim.Device">D</field>
        <field name="Sim.Pins">1=K 2=A</field>
      </fields>
      <pins>
        <pin num="1" name="K" type="passive"/>
        <pin num="2" name="A" type="passive"/>
      </pins>
    </libpart>
    <libpart lib="Jumper" part="SolderJumper_3_Bridged123">
      <description>Solder Jumper, 3-pole, pins 1+2+3 closed/bridged</description>
      <docs>~</docs>
      <footprints>
        <fp>SolderJumper*Bridged123*</fp>
      </footprints>
      <fields>
        <field name="Reference">JP</field>
        <field name="Value">SolderJumper_3_Bridged123</field>
        <field name="Datasheet">~</field>
      </fields>
      <pins>
        <pin num="1" name="A" type="passive"/>
        <pin num="2" name="C" type="passive"/>
        <pin num="3" name="B" type="passive"/>
      </pins>
    </libpart>
    <libpart lib="Mechanical" part="MountingHole_Pad">
      <description>Mounting Hole with connection</description>
      <docs>~</docs>
      <footprints>
        <fp>MountingHole*Pad*</fp>
      </footprints>
      <fields>
        <field name="Reference">H</field>
        <field name="Value">MountingHole_Pad</field>
        <field name="Datasheet">~</field>
      </fields>
      <pins>
        <pin num="1" name="1" type="input"/>
      </pins>
    </libpart>
    <libpart lib="interface" part="PCA9615DPJ">
      <fields>
        <field name="Reference">U</field>
        <field name="Value">PCA9615DPJ</field>
        <field name="Footprint">basic-rm3100:TSSOP-10_3x3mm_P0.5mm</field>
      </fields>
      <pins>
        <pin num="1" name="VDDA" type="input"/>
        <pin num="2" name="SDA" type="input"/>
        <pin num="3" name="EN" type="input"/>
        <pin num="4" name="SCL" type="input"/>
        <pin num="5" name="GND" type="input"/>
        <pin num="6" name="DSCL-" type="input"/>
        <pin num="7" name="DSCL+" type="bidirectional"/>
        <pin num="8" name="DSDA+" type="input"/>
        <pin num="9" name="DSDA-" type="input"/>
        <pin num="10" name="VDDB" type="input"/>
      </pins>
    </libpart>
    <libpart lib="rescue_sym" part="Ferrite_Bead_Small-Device">
      <footprints>
        <fp>Inductor_*</fp>
        <fp>L_*</fp>
        <fp>*Ferrite*</fp>
      </footprints>
      <fields>
        <field name="Reference">FB</field>
        <field name="Value">Device_Ferrite_Bead_Small</field>
      </fields>
      <pins>
        <pin num="1" name="" type="passive"/>
        <pin num="2" name="" type="passive"/>
      </pins>
    </libpart>
  </libparts>
  <libraries>
    <library logical="Connector">
      <uri>/usr/share/kicad/symbols//Connector.kicad_sym</uri>
    </library>
    <library logical="Connector_Generic">
      <uri>/usr/share/kicad/symbols//Connector_Generic.kicad_sym</uri>
    </library>
    <library logical="Device">
      <uri>/usr/share/kicad/symbols//Device.kicad_sym</uri>
    </library>
    <library logical="Diode">
      <uri>/usr/share/kicad/symbols//Diode.kicad_sym</uri>
    </library>
    <library logical="Jumper">
      <uri>/usr/share/kicad/symbols//Jumper.kicad_sym</uri>
    </library>
    <library logical="Mechanical">
      <uri>/usr/share/kicad/symbols//Mechanical.kicad_sym</uri>
    </library>
    <library logical="interface">
      <uri>/mnt/nvme0n1p1/home/dave/Projects/PSWS-project-redux/rm3100PiHatLocal/Interface.kicad_sym</uri>
    </library>
    <library logical="rescue_sym">
      <uri>/mnt/nvme0n1p1/home/dave/Projects/PSWS-project-redux/rm3100PiHatLocal/rm3100PiHatLocal-rescue.kicad_sym</uri>
    </library>
  </libraries>
  <nets>
    <net code="1" name="+3V3">
      <node ref="C4" pin="1" pintype="passive"/>
      <node ref="C5" pin="1" pintype="passive"/>
      <node ref="D1" pin="1" pinfunction="K" pintype="passive"/>
      <node ref="J6" pin="2" pinfunction="Pin_2" pintype="passive"/>
      <node ref="JP1" pin="2" pinfunction="C" pintype="passive"/>
      <node ref="P1" pin="1" pinfunction="Pin_1" pintype="passive"/>
      <node ref="P1" pin="17" pinfunction="Pin_17" pintype="passive"/>
      <node ref="U2" pin="1" pinfunction="VDDA" pintype="input"/>
    </net>
    <net code="2" name="+5V">
      <node ref="C6" pin="1" pintype="passive"/>
      <node ref="C7" pin="1" pintype="passive"/>
      <node ref="FB1" pin="1" pintype="passive"/>
      <node ref="P1" pin="2" pinfunction="Pin_2" pintype="passive"/>
      <node ref="P1" pin="4" pinfunction="Pin_4" pintype="passive"/>
      <node ref="R1" pin="1" pintype="passive"/>
      <node ref="R4" pin="1" pintype="passive"/>
    </net>
    <net code="3" name="/GPIO4(GCLK)">
      <node ref="P1" pin="7" pinfunction="Pin_7" pintype="passive+no_connect"/>
    </net>
    <net code="4" name="/GPIO5">
      <node ref="P1" pin="29" pinfunction="Pin_29" pintype="passive+no_connect"/>
    </net>
    <net code="5" name="/GPIO6">
      <node ref="P1" pin="31" pinfunction="Pin_31" pintype="passive+no_connect"/>
    </net>
    <net code="6" name="/GPIO7(SPI1_CE_N)">
      <node ref="P1" pin="26" pinfunction="Pin_26" pintype="passive+no_connect"/>
    </net>
    <net code="7" name="/GPIO8(SPI0_CE_N)">
      <node ref="P1" pin="24" pinfunction="Pin_24" pintype="passive+no_connect"/>
    </net>
    <net code="8" name="/GPIO9(SPI0_MISO)">
      <node ref="P1" pin="21" pinfunction="Pin_21" pintype="passive+no_connect"/>
    </net>
    <net code="9" name="/GPIO10(SPI0_MOSI)">
      <node ref="P1" pin="19" pinfunction="Pin_19" pintype="passive+no_connect"/>
    </net>
    <net code="10" name="/GPIO11(SPI0_SCK)">
      <node ref="P1" pin="23" pinfunction="Pin_23" pintype="passive+no_connect"/>
    </net>
    <net code="11" name="/GPIO12(PWM0)">
      <node ref="P1" pin="32" pinfunction="Pin_32" pintype="passive+no_connect"/>
    </net>
    <net code="12" name="/GPIO13(PWM1)">
      <node ref="P1" pin="33" pinfunction="Pin_33" pintype="passive+no_connect"/>
    </net>
    <net code="13" name="/GPIO14(TXD0)">
      <node ref="P1" pin="8" pinfunction="Pin_8" pintype="passive+no_connect"/>
    </net>
    <net code="14" name="/GPIO15(RXD0)">
      <node ref="P1" pin="10" pinfunction="Pin_10" pintype="passive+no_connect"/>
    </net>
    <net code="15" name="/GPIO16">
      <node ref="P1" pin="36" pinfunction="Pin_36" pintype="passive+no_connect"/>
    </net>
    <net code="16" name="/GPIO17(GEN0)">
      <node ref="P1" pin="11" pinfunction="Pin_11" pintype="passive+no_connect"/>
    </net>
    <net code="17" name="/GPIO18(GEN1)(PWM0)">
      <node ref="P1" pin="12" pinfunction="Pin_12" pintype="passive+no_connect"/>
    </net>
    <net code="18" name="/GPIO19(SPI1_MISO)">
      <node ref="P1" pin="35" pinfunction="Pin_35" pintype="passive+no_connect"/>
    </net>
    <net code="19" name="/GPIO20(SPI1_MOSI)">
      <node ref="P1" pin="38" pinfunction="Pin_38" pintype="passive+no_connect"/>
    </net>
    <net code="20" name="/GPIO21(SPI1_SCK)">
      <node ref="P1" pin="40" pinfunction="Pin_40" pintype="passive+no_connect"/>
    </net>
    <net code="21" name="/GPIO22(GEN3)">
      <node ref="P1" pin="15" pinfunction="Pin_15" pintype="passive+no_connect"/>
    </net>
    <net code="22" name="/GPIO23(GEN4)">
      <node ref="P1" pin="16" pinfunction="Pin_16" pintype="passive+no_connect"/>
    </net>
    <net code="23" name="/GPIO24(GEN5)">
      <node ref="P1" pin="18" pinfunction="Pin_18" pintype="passive+no_connect"/>
    </net>
    <net code="24" name="/GPIO25(GEN6)">
      <node ref="P1" pin="22" pinfunction="Pin_22" pintype="passive+no_connect"/>
    </net>
    <net code="25" name="/GPIO26">
      <node ref="P1" pin="37" pinfunction="Pin_37" pintype="passive+no_connect"/>
    </net>
    <net code="26" name="/GPIO27(GEN2)">
      <node ref="P1" pin="13" pinfunction="Pin_13" pintype="passive+no_connect"/>
    </net>
    <net code="27" name="/ID_SC">
      <node ref="P1" pin="28" pinfunction="Pin_28" pintype="passive+no_connect"/>
    </net>
    <net code="28" name="/ID_SD">
      <node ref="P1" pin="27" pinfunction="Pin_27" pintype="passive+no_connect"/>
    </net>
    <net code="29" name="DSCL+">
      <node ref="J1" pin="1" pintype="passive"/>
      <node ref="R1" pin="2" pintype="passive"/>
      <node ref="R2" pin="1" pintype="passive"/>
      <node ref="TP5" pin="1" pinfunction="1" pintype="passive"/>
      <node ref="U2" pin="7" pinfunction="DSCL+" pintype="bidirectional"/>
    </net>
    <net code="30" name="DSCL-">
      <node ref="J1" pin="2" pintype="passive"/>
      <node ref="R2" pin="2" pintype="passive"/>
      <node ref="R3" pin="1" pintype="passive"/>
      <node ref="TP6" pin="1" pinfunction="1" pintype="passive"/>
      <node ref="U2" pin="6" pinfunction="DSCL-" pintype="input"/>
    </net>
    <net code="31" name="DSDA+">
      <node ref="J1" pin="3" pintype="passive"/>
      <node ref="R4" pin="2" pintype="passive"/>
      <node ref="R5" pin="1" pintype="passive"/>
      <node ref="TP4" pin="1" pinfunction="1" pintype="passive"/>
      <node ref="U2" pin="8" pinfunction="DSDA+" pintype="input"/>
    </net>
    <net code="32" name="DSDA-">
      <node ref="J1" pin="6" pintype="passive"/>
      <node ref="R5" pin="2" pintype="passive"/>
      <node ref="R6" pin="1" pintype="passive"/>
      <node ref="TP3" pin="1" pinfunction="1" pintype="passive"/>
      <node ref="U2" pin="9" pinfunction="DSDA-" pintype="input"/>
    </net>
    <net code="33" name="GND">
      <node ref="C1" pin="2" pintype="passive"/>
      <node ref="C2" pin="1" pintype="passive"/>
      <node ref="C3" pin="1" pintype="passive"/>
      <node ref="C4" pin="2" pintype="passive"/>
      <node ref="C5" pin="2" pintype="passive"/>
      <node ref="C6" pin="2" pintype="passive"/>
      <node ref="C7" pin="2" pintype="passive"/>
      <node ref="J1" pin="7" pintype="passive"/>
      <node ref="J1" pin="8" pintype="passive"/>
      <node ref="J2" pin="2" pinfunction="Pin_2" pintype="passive"/>
      <node ref="J6" pin="1" pinfunction="Pin_1" pintype="passive"/>
      <node ref="MK1" pin="1" pinfunction="1" pintype="input"/>
      <node ref="MK2" pin="1" pinfunction="1" pintype="input"/>
      <node ref="P1" pin="14" pinfunction="Pin_14" pintype="passive"/>
      <node ref="P1" pin="20" pinfunction="Pin_20" pintype="passive"/>
      <node ref="P1" pin="25" pinfunction="Pin_25" pintype="passive"/>
      <node ref="P1" pin="30" pinfunction="Pin_30" pintype="passive"/>
      <node ref="P1" pin="34" pinfunction="Pin_34" pintype="passive"/>
      <node ref="P1" pin="39" pinfunction="Pin_39" pintype="passive"/>
      <node ref="P1" pin="6" pinfunction="Pin_6" pintype="passive"/>
      <node ref="P1" pin="9" pinfunction="Pin_9" pintype="passive"/>
      <node ref="R3" pin="2" pintype="passive"/>
      <node ref="R6" pin="2" pintype="passive"/>
      <node ref="TP7" pin="1" pinfunction="1" pintype="passive"/>
      <node ref="U2" pin="5" pinfunction="GND" pintype="input"/>
    </net>
    <net code="34" name="Net-(C2-Pad2)">
      <node ref="C2" pin="2" pintype="passive"/>
      <node ref="C3" pin="2" pintype="passive"/>
      <node ref="F1" pin="1" pintype="passive"/>
      <node ref="FB1" pin="2" pintype="passive"/>
    </net>
    <net code="35" name="Net-(D1-A)">
      <node ref="C1" pin="1" pintype="passive"/>
      <node ref="D1" pin="2" pinfunction="A" pintype="passive"/>
      <node ref="U2" pin="3" pinfunction="EN" pintype="input"/>
    </net>
    <net code="36" name="Net-(J2-Pin_1)">
      <node ref="J1" pin="SH" pintype="passive"/>
      <node ref="J2" pin="1" pinfunction="Pin_1" pintype="passive"/>
    </net>
    <net code="37" name="Net-(JP1-A)">
      <node ref="JP1" pin="1" pinfunction="A" pintype="passive"/>
      <node ref="R10" pin="1" pintype="passive"/>
    </net>
    <net code="38" name="Net-(JP1-B)">
      <node ref="JP1" pin="3" pinfunction="B" pintype="passive"/>
      <node ref="R11" pin="1" pintype="passive"/>
    </net>
    <net code="39" name="Net-(U2-VDDB)">
      <node ref="F1" pin="2" pintype="passive"/>
      <node ref="J1" pin="4" pintype="passive"/>
      <node ref="J1" pin="5" pintype="passive"/>
      <node ref="U2" pin="10" pinfunction="VDDB" pintype="input"/>
    </net>
    <net code="40" name="SCL">
      <node ref="J6" pin="4" pinfunction="Pin_4" pintype="passive"/>
      <node ref="P1" pin="5" pinfunction="Pin_5" pintype="passive"/>
      <node ref="R11" pin="2" pintype="passive"/>
      <node ref="TP2" pin="1" pinfunction="1" pintype="passive"/>
      <node ref="U2" pin="4" pinfunction="SCL" pintype="input"/>
    </net>
    <net code="41" name="SDA">
      <node ref="J6" pin="3" pinfunction="Pin_3" pintype="passive"/>
      <node ref="P1" pin="3" pinfunction="Pin_3" pintype="passive"/>
      <node ref="R10" pin="2" pintype="passive"/>
      <node ref="TP1" pin="1" pinfunction="1" pintype="passive"/>
      <node ref="U2" pin="2" pinfunction="SDA" pintype="input"/>
    </net>
  </nets>
</export>
