<?xml version="1.0" encoding="UTF-8"?>
<export version="E">
  <design>
    <source>/home/dave/Projects/PSWS-project-redux/rm3100Remote/rm3100Remote.kicad_sch</source>
    <date>Sun 15 Oct 2023 06:24:04 PM CDT</date>
    <tool>Eeschema 7.0.8-7.0.8~ubuntu22.04.1</tool>
    <sheet number="1" name="/" tstamps="/">
      <title_block>
        <title>RM3100Remote</title>
        <company>WWR Development, LLC</company>
        <rev>0.0.6</rev>
        <date>2023-10-09</date>
        <source>rm3100Remote.kicad_sch</source>
        <comment number="1" value=""/>
        <comment number="2" value=""/>
        <comment number="3" value=""/>
        <comment number="4" value=""/>
        <comment number="5" value=""/>
        <comment number="6" value=""/>
        <comment number="7" value=""/>
        <comment number="8" value=""/>
        <comment number="9" value=""/>
      </title_block>
    </sheet>
  </design>
  <components>
    <comp ref="C1">
      <value>0.1uf</value>
      <footprint>Capacitor_SMD:C_0603_1608Metric</footprint>
      <fields>
        <field name="LCSC">C913909</field>
      </fields>
      <libsource lib="Device" part="C_Small" description="Unpolarized capacitor, small symbol"/>
      <property name="LCSC" value="C913909"/>
      <property name="Sheetname" value=""/>
      <property name="Sheetfile" value="rm3100Remote.kicad_sch"/>
      <property name="ki_description" value="Unpolarized capacitor, small symbol"/>
      <property name="ki_keywords" value="capacitor cap"/>
      <sheetpath names="/" tstamps="/"/>
      <tstamps>00000000-0000-0000-0000-00005f368a37</tstamps>
    </comp>
    <comp ref="C2">
      <value>0.1uf</value>
      <footprint>Capacitor_SMD:C_0603_1608Metric</footprint>
      <fields>
        <field name="LCSC">C913909</field>
      </fields>
      <libsource lib="Device" part="C_Small" description="Unpolarized capacitor, small symbol"/>
      <property name="LCSC" value="C913909"/>
      <property name="Sheetname" value=""/>
      <property name="Sheetfile" value="rm3100Remote.kicad_sch"/>
      <property name="ki_description" value="Unpolarized capacitor, small symbol"/>
      <property name="ki_keywords" value="capacitor cap"/>
      <sheetpath names="/" tstamps="/"/>
      <tstamps>00000000-0000-0000-0000-00005f295bc4</tstamps>
    </comp>
    <comp ref="C3">
      <value>1000pf</value>
      <footprint>Capacitor_SMD:C_0603_1608Metric</footprint>
      <fields>
        <field name="LCSC">C1856398</field>
      </fields>
      <libsource lib="Device" part="C_Small" description="Unpolarized capacitor, small symbol"/>
      <property name="LCSC" value="C1856398"/>
      <property name="Sheetname" value=""/>
      <property name="Sheetfile" value="rm3100Remote.kicad_sch"/>
      <property name="ki_description" value="Unpolarized capacitor, small symbol"/>
      <property name="ki_keywords" value="capacitor cap"/>
      <sheetpath names="/" tstamps="/"/>
      <tstamps>00000000-0000-0000-0000-00005f296731</tstamps>
    </comp>
    <comp ref="C4">
      <value>0.1uf</value>
      <footprint>Capacitor_SMD:C_0603_1608Metric</footprint>
      <fields>
        <field name="LCSC">C913909</field>
      </fields>
      <libsource lib="Device" part="C_Small" description="Unpolarized capacitor, small symbol"/>
      <property name="LCSC" value="C913909"/>
      <property name="Sheetname" value=""/>
      <property name="Sheetfile" value="rm3100Remote.kicad_sch"/>
      <property name="ki_description" value="Unpolarized capacitor, small symbol"/>
      <property name="ki_keywords" value="capacitor cap"/>
      <sheetpath names="/" tstamps="/"/>
      <tstamps>00000000-0000-0000-0000-00005f82d39d</tstamps>
    </comp>
    <comp ref="C5">
      <value>0.1uf</value>
      <footprint>Capacitor_SMD:C_0603_1608Metric</footprint>
      <fields>
        <field name="LCSC">C913909</field>
      </fields>
      <libsource lib="Device" part="C_Small" description="Unpolarized capacitor, small symbol"/>
      <property name="LCSC" value="C913909"/>
      <property name="Sheetname" value=""/>
      <property name="Sheetfile" value="rm3100Remote.kicad_sch"/>
      <property name="ki_description" value="Unpolarized capacitor, small symbol"/>
      <property name="ki_keywords" value="capacitor cap"/>
      <sheetpath names="/" tstamps="/"/>
      <tstamps>00000000-0000-0000-0000-00005f82f547</tstamps>
    </comp>
    <comp ref="C6">
      <value>0.1uf</value>
      <footprint>Capacitor_SMD:C_0603_1608Metric</footprint>
      <fields>
        <field name="LCSC">C913909</field>
      </fields>
      <libsource lib="Device" part="C_Small" description="Unpolarized capacitor, small symbol"/>
      <property name="LCSC" value="C913909"/>
      <property name="Sheetname" value=""/>
      <property name="Sheetfile" value="rm3100Remote.kicad_sch"/>
      <property name="ki_description" value="Unpolarized capacitor, small symbol"/>
      <property name="ki_keywords" value="capacitor cap"/>
      <sheetpath names="/" tstamps="/"/>
      <tstamps>00000000-0000-0000-0000-00005f82fad2</tstamps>
    </comp>
    <comp ref="C7">
      <value>0.1uf</value>
      <footprint>Capacitor_SMD:C_0603_1608Metric</footprint>
      <fields>
        <field name="LCSC">C913909</field>
      </fields>
      <libsource lib="Device" part="C_Small" description="Unpolarized capacitor, small symbol"/>
      <property name="LCSC" value="C913909"/>
      <property name="Sheetname" value=""/>
      <property name="Sheetfile" value="rm3100Remote.kicad_sch"/>
      <property name="ki_description" value="Unpolarized capacitor, small symbol"/>
      <property name="ki_keywords" value="capacitor cap"/>
      <sheetpath names="/" tstamps="/"/>
      <tstamps>00000000-0000-0000-0000-00005f830317</tstamps>
    </comp>
    <comp ref="C8">
      <value>0.1uf</value>
      <footprint>Capacitor_SMD:C_0603_1608Metric</footprint>
      <fields>
        <field name="LCSC">C913909</field>
      </fields>
      <libsource lib="Device" part="C_Small" description="Unpolarized capacitor, small symbol"/>
      <property name="LCSC" value="C913909"/>
      <property name="Sheetname" value=""/>
      <property name="Sheetfile" value="rm3100Remote.kicad_sch"/>
      <property name="ki_description" value="Unpolarized capacitor, small symbol"/>
      <property name="ki_keywords" value="capacitor cap"/>
      <sheetpath names="/" tstamps="/"/>
      <tstamps>00000000-0000-0000-0000-00005f4da9a3</tstamps>
    </comp>
    <comp ref="C9">
      <value>10uf</value>
      <footprint>Capacitor_SMD:C_0603_1608Metric</footprint>
      <fields>
        <field name="LCSC">C182375</field>
      </fields>
      <libsource lib="Device" part="C_Small" description="Unpolarized capacitor, small symbol"/>
      <property name="LCSC" value="C182375"/>
      <property name="Sheetname" value=""/>
      <property name="Sheetfile" value="rm3100Remote.kicad_sch"/>
      <property name="ki_description" value="Unpolarized capacitor, small symbol"/>
      <property name="ki_keywords" value="capacitor cap"/>
      <sheetpath names="/" tstamps="/"/>
      <tstamps>00000000-0000-0000-0000-00005f4db1b9</tstamps>
    </comp>
    <comp ref="C10">
      <value>1.0uf</value>
      <footprint>Capacitor_SMD:C_0603_1608Metric</footprint>
      <fields>
        <field name="LCSC">C525329</field>
      </fields>
      <libsource lib="Device" part="C_Small" description="Unpolarized capacitor, small symbol"/>
      <property name="LCSC" value="C525329"/>
      <property name="Sheetname" value=""/>
      <property name="Sheetfile" value="rm3100Remote.kicad_sch"/>
      <property name="ki_description" value="Unpolarized capacitor, small symbol"/>
      <property name="ki_keywords" value="capacitor cap"/>
      <sheetpath names="/" tstamps="/"/>
      <tstamps>00000000-0000-0000-0000-00005f5e65e6</tstamps>
    </comp>
    <comp ref="C11">
      <value>2.2uf</value>
      <footprint>Capacitor_SMD:C_0603_1608Metric</footprint>
      <fields>
        <field name="LCSC">C2835569</field>
      </fields>
      <libsource lib="Device" part="C_Small" description="Unpolarized capacitor, small symbol"/>
      <property name="LCSC" value="C2835569"/>
      <property name="Sheetname" value=""/>
      <property name="Sheetfile" value="rm3100Remote.kicad_sch"/>
      <property name="ki_description" value="Unpolarized capacitor, small symbol"/>
      <property name="ki_keywords" value="capacitor cap"/>
      <sheetpath names="/" tstamps="/"/>
      <tstamps>00000000-0000-0000-0000-00005f5e65f0</tstamps>
    </comp>
    <comp ref="D1">
      <value>1N4148</value>
      <footprint>Diode_SMD:D_SOD-323</footprint>
      <datasheet>https://assets.nexperia.com/documents/data-sheet/1N4148_1N4448.pdf</datasheet>
      <fields>
        <field name="LCSC">C2910101</field>
      </fields>
      <libsource lib="Diode" part="1N4148" description="100V 0.15A standard switching diode, DO-35"/>
      <property name="LCSC" value="C2910101"/>
      <property name="Sheetname" value=""/>
      <property name="Sheetfile" value="rm3100Remote.kicad_sch"/>
      <property name="ki_description" value="100V 0.15A standard switching diode, DO-35"/>
      <property name="ki_keywords" value="diode"/>
      <sheetpath names="/" tstamps="/"/>
      <tstamps>00000000-0000-0000-0000-00005f31df18</tstamps>
    </comp>
    <comp ref="F1">
      <value>LittleFuse  2920L125</value>
      <footprint>Fuse:Fuse_0805_2012Metric</footprint>
      <fields>
        <field name="LCSC">C192524</field>
      </fields>
      <libsource lib="Device" part="Polyfuse_Small" description="Resettable fuse, polymeric positive temperature coefficient, small symbol"/>
      <property name="LCSC" value="C192524"/>
      <property name="Sheetname" value=""/>
      <property name="Sheetfile" value="rm3100Remote.kicad_sch"/>
      <property name="ki_description" value="Resettable fuse, polymeric positive temperature coefficient, small symbol"/>
      <property name="ki_keywords" value="resettable fuse PTC PPTC polyfuse polyswitch"/>
      <sheetpath names="/" tstamps="/"/>
      <tstamps>00000000-0000-0000-0000-00005f2b97cb</tstamps>
    </comp>
    <comp ref="FB1">
      <value>Ferrite</value>
      <footprint>Digikey_Footprints:0603</footprint>
      <fields>
        <field name="LCSC">C79865</field>
      </fields>
      <libsource lib="Device" part="FerriteBead_Small" description="Ferrite bead, small symbol"/>
      <property name="LCSC" value="C79865"/>
      <property name="Sheetname" value=""/>
      <property name="Sheetfile" value="rm3100Remote.kicad_sch"/>
      <property name="ki_description" value="Ferrite bead, small symbol"/>
      <property name="ki_keywords" value="L ferrite bead inductor filter"/>
      <sheetpath names="/" tstamps="/"/>
      <tstamps>00000000-0000-0000-0000-00005f2ee23e</tstamps>
    </comp>
    <comp ref="J3">
      <value>A0</value>
      <footprint>Connector_PinHeader_2.54mm:PinHeader_1x03_P2.54mm_Vertical</footprint>
      <libsource lib="Connector_Generic" part="Conn_01x03" description="Generic connector, single row, 01x03, script generated (kicad-library-utils/schlib/autogen/connector/)"/>
      <property name="LCSC" value=""/>
      <property name="Sheetname" value=""/>
      <property name="Sheetfile" value="rm3100Remote.kicad_sch"/>
      <property name="dnp"/>
      <property name="ki_description" value="Generic connector, single row, 01x03, script generated (kicad-library-utils/schlib/autogen/connector/)"/>
      <property name="ki_keywords" value="connector"/>
      <sheetpath names="/" tstamps="/"/>
      <tstamps>00000000-0000-0000-0000-00005f5d1fa8</tstamps>
    </comp>
    <comp ref="J4">
      <value>Test Points</value>
      <footprint>Connector_PinHeader_2.54mm:PinHeader_1x09_P2.54mm_Vertical</footprint>
      <libsource lib="Connector_Generic" part="Conn_01x09" description="Generic connector, single row, 01x09, script generated (kicad-library-utils/schlib/autogen/connector/)"/>
      <property name="LCSC" value=""/>
      <property name="Sheetname" value=""/>
      <property name="Sheetfile" value="rm3100Remote.kicad_sch"/>
      <property name="dnp"/>
      <property name="ki_description" value="Generic connector, single row, 01x09, script generated (kicad-library-utils/schlib/autogen/connector/)"/>
      <property name="ki_keywords" value="connector"/>
      <sheetpath names="/" tstamps="/"/>
      <tstamps>00000000-0000-0000-0000-00005f5f5145</tstamps>
    </comp>
    <comp ref="J6">
      <value>JST-SH4 Qwiic</value>
      <footprint>Connector_JST:JST_SH_SM04B-SRSS-TB_1x04-1MP_P1.00mm_Horizontal</footprint>
      <fields>
        <field name="LCSC">C5223639</field>
      </fields>
      <libsource lib="Connector_Generic" part="Conn_01x04" description="Generic connector, single row, 01x04, script generated (kicad-library-utils/schlib/autogen/connector/)"/>
      <property name="LCSC" value="C5223639"/>
      <property name="Sheetname" value=""/>
      <property name="Sheetfile" value="rm3100Remote.kicad_sch"/>
      <property name="ki_description" value="Generic connector, single row, 01x04, script generated (kicad-library-utils/schlib/autogen/connector/)"/>
      <property name="ki_keywords" value="connector"/>
      <sheetpath names="/" tstamps="/"/>
      <tstamps>00000000-0000-0000-0000-00005f82c407</tstamps>
    </comp>
    <comp ref="JP1">
      <value>Jumper_2_Bridged</value>
      <footprint>Jumper:SolderJumper-2_P1.3mm_Bridged_RoundedPad1.0x1.5mm</footprint>
      <libsource lib="Jumper" part="Jumper_2_Bridged" description="Jumper, 2-pole, closed/bridged"/>
      <property name="LCSC" value=""/>
      <property name="Sheetname" value=""/>
      <property name="Sheetfile" value="rm3100Remote.kicad_sch"/>
      <property name="ki_description" value="Jumper, 2-pole, closed/bridged"/>
      <property name="ki_keywords" value="Jumper SPST"/>
      <sheetpath names="/" tstamps="/"/>
      <tstamps>d7b64a39-d93d-4da3-912f-2760d1f78718</tstamps>
    </comp>
    <comp ref="JP2">
      <value>A1</value>
      <footprint>Jumper:SolderJumper-2_P1.3mm_Bridged_RoundedPad1.0x1.5mm</footprint>
      <libsource lib="Jumper" part="SolderJumper_2_Bridged" description="Solder Jumper, 2-pole, closed/bridged"/>
      <property name="LCSC" value=""/>
      <property name="Sheetname" value=""/>
      <property name="Sheetfile" value="rm3100Remote.kicad_sch"/>
      <property name="ki_description" value="Solder Jumper, 2-pole, closed/bridged"/>
      <property name="ki_keywords" value="solder jumper SPST"/>
      <sheetpath names="/" tstamps="/"/>
      <tstamps>00000000-0000-0000-0000-00005f712764</tstamps>
    </comp>
    <comp ref="JP3">
      <value>A2</value>
      <footprint>Jumper:SolderJumper-2_P1.3mm_Bridged_RoundedPad1.0x1.5mm</footprint>
      <libsource lib="Jumper" part="SolderJumper_2_Bridged" description="Solder Jumper, 2-pole, closed/bridged"/>
      <property name="LCSC" value=""/>
      <property name="Sheetname" value=""/>
      <property name="Sheetfile" value="rm3100Remote.kicad_sch"/>
      <property name="ki_description" value="Solder Jumper, 2-pole, closed/bridged"/>
      <property name="ki_keywords" value="solder jumper SPST"/>
      <sheetpath names="/" tstamps="/"/>
      <tstamps>00000000-0000-0000-0000-00005f748a0a</tstamps>
    </comp>
    <comp ref="JP4">
      <value>SA0</value>
      <footprint>Jumper:SolderJumper-2_P1.3mm_Bridged_RoundedPad1.0x1.5mm</footprint>
      <libsource lib="Jumper" part="SolderJumper_2_Bridged" description="Solder Jumper, 2-pole, closed/bridged"/>
      <property name="LCSC" value=""/>
      <property name="Sheetname" value=""/>
      <property name="Sheetfile" value="rm3100Remote.kicad_sch"/>
      <property name="ki_description" value="Solder Jumper, 2-pole, closed/bridged"/>
      <property name="ki_keywords" value="solder jumper SPST"/>
      <sheetpath names="/" tstamps="/"/>
      <tstamps>00000000-0000-0000-0000-00005f8373c5</tstamps>
    </comp>
    <comp ref="JP5">
      <value>SA1</value>
      <footprint>Jumper:SolderJumper-2_P1.3mm_Bridged_RoundedPad1.0x1.5mm</footprint>
      <libsource lib="Jumper" part="SolderJumper_2_Bridged" description="Solder Jumper, 2-pole, closed/bridged"/>
      <property name="LCSC" value=""/>
      <property name="Sheetname" value=""/>
      <property name="Sheetfile" value="rm3100Remote.kicad_sch"/>
      <property name="ki_description" value="Solder Jumper, 2-pole, closed/bridged"/>
      <property name="ki_keywords" value="solder jumper SPST"/>
      <sheetpath names="/" tstamps="/"/>
      <tstamps>00000000-0000-0000-0000-00005f7f6d8a</tstamps>
    </comp>
    <comp ref="JP6">
      <value>sj2</value>
      <footprint>Jumper:SolderJumper-2_P1.3mm_Open_RoundedPad1.0x1.5mm</footprint>
      <libsource lib="Jumper" part="SolderJumper_2_Open" description="Solder Jumper, 2-pole, open"/>
      <property name="LCSC" value=""/>
      <property name="Sheetname" value=""/>
      <property name="Sheetfile" value="rm3100Remote.kicad_sch"/>
      <property name="ki_description" value="Solder Jumper, 2-pole, open"/>
      <property name="ki_keywords" value="solder jumper SPST"/>
      <sheetpath names="/" tstamps="/"/>
      <tstamps>00000000-0000-0000-0000-00005f72f5aa</tstamps>
    </comp>
    <comp ref="JP7">
      <value>sj2</value>
      <footprint>Jumper:SolderJumper-2_P1.3mm_Open_RoundedPad1.0x1.5mm</footprint>
      <libsource lib="Jumper" part="SolderJumper_2_Open" description="Solder Jumper, 2-pole, open"/>
      <property name="LCSC" value=""/>
      <property name="Sheetname" value=""/>
      <property name="Sheetfile" value="rm3100Remote.kicad_sch"/>
      <property name="ki_description" value="Solder Jumper, 2-pole, open"/>
      <property name="ki_keywords" value="solder jumper SPST"/>
      <sheetpath names="/" tstamps="/"/>
      <tstamps>00000000-0000-0000-0000-00005f69efa0</tstamps>
    </comp>
    <comp ref="JP8">
      <value>sj2</value>
      <footprint>Jumper:SolderJumper-2_P1.3mm_Bridged_RoundedPad1.0x1.5mm</footprint>
      <libsource lib="Jumper" part="SolderJumper_2_Bridged" description="Solder Jumper, 2-pole, closed/bridged"/>
      <property name="LCSC" value=""/>
      <property name="Sheetname" value=""/>
      <property name="Sheetfile" value="rm3100Remote.kicad_sch"/>
      <property name="ki_description" value="Solder Jumper, 2-pole, closed/bridged"/>
      <property name="ki_keywords" value="solder jumper SPST"/>
      <sheetpath names="/" tstamps="/"/>
      <tstamps>00000000-0000-0000-0000-00005f7f5720</tstamps>
    </comp>
    <comp ref="JP9">
      <value>sj2</value>
      <footprint>Jumper:SolderJumper-2_P1.3mm_Bridged_RoundedPad1.0x1.5mm</footprint>
      <libsource lib="Jumper" part="SolderJumper_2_Bridged" description="Solder Jumper, 2-pole, closed/bridged"/>
      <property name="LCSC" value=""/>
      <property name="Sheetname" value=""/>
      <property name="Sheetfile" value="rm3100Remote.kicad_sch"/>
      <property name="ki_description" value="Solder Jumper, 2-pole, closed/bridged"/>
      <property name="ki_keywords" value="solder jumper SPST"/>
      <sheetpath names="/" tstamps="/"/>
      <tstamps>00000000-0000-0000-0000-00005f85f087</tstamps>
    </comp>
    <comp ref="JP10">
      <value>SJ_0pen</value>
      <footprint>Jumper:SolderJumper-2_P1.3mm_Open_RoundedPad1.0x1.5mm</footprint>
      <libsource lib="Jumper" part="SolderJumper_2_Open" description="Solder Jumper, 2-pole, open"/>
      <property name="LCSC" value=""/>
      <property name="Sheetname" value=""/>
      <property name="Sheetfile" value="rm3100Remote.kicad_sch"/>
      <property name="ki_description" value="Solder Jumper, 2-pole, open"/>
      <property name="ki_keywords" value="solder jumper SPST"/>
      <sheetpath names="/" tstamps="/"/>
      <tstamps>00000000-0000-0000-0000-00005f966fc5</tstamps>
    </comp>
    <comp ref="R1">
      <value>390</value>
      <footprint>Resistor_SMD:R_0603_1608Metric</footprint>
      <fields>
        <field name="LCSC">C2907159</field>
      </fields>
      <libsource lib="Device" part="R_US" description="Resistor, US symbol"/>
      <property name="LCSC" value="C2907159"/>
      <property name="Sheetname" value=""/>
      <property name="Sheetfile" value="rm3100Remote.kicad_sch"/>
      <property name="ki_description" value="Resistor, US symbol"/>
      <property name="ki_keywords" value="R res resistor"/>
      <sheetpath names="/" tstamps="/"/>
      <tstamps>00000000-0000-0000-0000-00005f57a3be</tstamps>
    </comp>
    <comp ref="R2">
      <value>100</value>
      <footprint>Resistor_SMD:R_0603_1608Metric</footprint>
      <fields>
        <field name="LCSC">C2838670</field>
      </fields>
      <libsource lib="Device" part="R_US" description="Resistor, US symbol"/>
      <property name="LCSC" value="C2838670"/>
      <property name="Sheetname" value=""/>
      <property name="Sheetfile" value="rm3100Remote.kicad_sch"/>
      <property name="ki_description" value="Resistor, US symbol"/>
      <property name="ki_keywords" value="R res resistor"/>
      <sheetpath names="/" tstamps="/"/>
      <tstamps>00000000-0000-0000-0000-00005f57d0c3</tstamps>
    </comp>
    <comp ref="R3">
      <value>390</value>
      <footprint>Resistor_SMD:R_0603_1608Metric</footprint>
      <fields>
        <field name="LCSC">C2907159</field>
      </fields>
      <libsource lib="Device" part="R_US" description="Resistor, US symbol"/>
      <property name="LCSC" value="C2907159"/>
      <property name="Sheetname" value=""/>
      <property name="Sheetfile" value="rm3100Remote.kicad_sch"/>
      <property name="ki_description" value="Resistor, US symbol"/>
      <property name="ki_keywords" value="R res resistor"/>
      <sheetpath names="/" tstamps="/"/>
      <tstamps>00000000-0000-0000-0000-00005f57dd16</tstamps>
    </comp>
    <comp ref="R4">
      <value>390</value>
      <footprint>Resistor_SMD:R_0603_1608Metric</footprint>
      <fields>
        <field name="LCSC">C2907159</field>
      </fields>
      <libsource lib="Device" part="R_US" description="Resistor, US symbol"/>
      <property name="LCSC" value="C2907159"/>
      <property name="Sheetname" value=""/>
      <property name="Sheetfile" value="rm3100Remote.kicad_sch"/>
      <property name="ki_description" value="Resistor, US symbol"/>
      <property name="ki_keywords" value="R res resistor"/>
      <sheetpath names="/" tstamps="/"/>
      <tstamps>00000000-0000-0000-0000-00005f57784b</tstamps>
    </comp>
    <comp ref="R5">
      <value>100</value>
      <footprint>Resistor_SMD:R_0603_1608Metric</footprint>
      <fields>
        <field name="LCSC">C2838670</field>
      </fields>
      <libsource lib="Device" part="R_US" description="Resistor, US symbol"/>
      <property name="LCSC" value="C2838670"/>
      <property name="Sheetname" value=""/>
      <property name="Sheetfile" value="rm3100Remote.kicad_sch"/>
      <property name="ki_description" value="Resistor, US symbol"/>
      <property name="ki_keywords" value="R res resistor"/>
      <sheetpath names="/" tstamps="/"/>
      <tstamps>00000000-0000-0000-0000-00005f57f0bd</tstamps>
    </comp>
    <comp ref="R6">
      <value>390</value>
      <footprint>Resistor_SMD:R_0603_1608Metric</footprint>
      <fields>
        <field name="LCSC">C2907159</field>
      </fields>
      <libsource lib="Device" part="R_US" description="Resistor, US symbol"/>
      <property name="LCSC" value="C2907159"/>
      <property name="Sheetname" value=""/>
      <property name="Sheetfile" value="rm3100Remote.kicad_sch"/>
      <property name="ki_description" value="Resistor, US symbol"/>
      <property name="ki_keywords" value="R res resistor"/>
      <sheetpath names="/" tstamps="/"/>
      <tstamps>00000000-0000-0000-0000-00005f57fb43</tstamps>
    </comp>
    <comp ref="R7">
      <value>10k</value>
      <footprint>Resistor_SMD:R_0603_1608Metric</footprint>
      <fields>
        <field name="LCSC">C25804</field>
      </fields>
      <libsource lib="Device" part="R_US" description="Resistor, US symbol"/>
      <property name="LCSC" value="C25804"/>
      <property name="Sheetname" value=""/>
      <property name="Sheetfile" value="rm3100Remote.kicad_sch"/>
      <property name="ki_description" value="Resistor, US symbol"/>
      <property name="ki_keywords" value="R res resistor"/>
      <sheetpath names="/" tstamps="/"/>
      <tstamps>00000000-0000-0000-0000-00005f582265</tstamps>
    </comp>
    <comp ref="R8">
      <value>10k</value>
      <footprint>Resistor_SMD:R_0603_1608Metric</footprint>
      <fields>
        <field name="LCSC">C25804</field>
      </fields>
      <libsource lib="Device" part="R_US" description="Resistor, US symbol"/>
      <property name="LCSC" value="C25804"/>
      <property name="Sheetname" value=""/>
      <property name="Sheetfile" value="rm3100Remote.kicad_sch"/>
      <property name="ki_description" value="Resistor, US symbol"/>
      <property name="ki_keywords" value="R res resistor"/>
      <sheetpath names="/" tstamps="/"/>
      <tstamps>00000000-0000-0000-0000-00005f557807</tstamps>
    </comp>
    <comp ref="R9">
      <value>10k</value>
      <footprint>Resistor_SMD:R_0603_1608Metric</footprint>
      <fields>
        <field name="LCSC">C25804</field>
      </fields>
      <libsource lib="Device" part="R_US" description="Resistor, US symbol"/>
      <property name="LCSC" value="C25804"/>
      <property name="Sheetname" value=""/>
      <property name="Sheetfile" value="rm3100Remote.kicad_sch"/>
      <property name="ki_description" value="Resistor, US symbol"/>
      <property name="ki_keywords" value="R res resistor"/>
      <sheetpath names="/" tstamps="/"/>
      <tstamps>00000000-0000-0000-0000-00005f563ba4</tstamps>
    </comp>
    <comp ref="R10">
      <value>4.7k</value>
      <footprint>Resistor_SMD:R_0603_1608Metric</footprint>
      <fields>
        <field name="LCSC">C304485</field>
      </fields>
      <libsource lib="Device" part="R_Small_US" description="Resistor, small US symbol"/>
      <property name="LCSC" value="C304485"/>
      <property name="Sheetname" value=""/>
      <property name="Sheetfile" value="rm3100Remote.kicad_sch"/>
      <property name="ki_description" value="Resistor, small US symbol"/>
      <property name="ki_keywords" value="r resistor"/>
      <sheetpath names="/" tstamps="/"/>
      <tstamps>00000000-0000-0000-0000-00005f42ce72</tstamps>
    </comp>
    <comp ref="R11">
      <value>4.7k</value>
      <footprint>Resistor_SMD:R_0603_1608Metric</footprint>
      <fields>
        <field name="LCSC">C304485</field>
      </fields>
      <libsource lib="Device" part="R_Small_US" description="Resistor, small US symbol"/>
      <property name="LCSC" value="C304485"/>
      <property name="Sheetname" value=""/>
      <property name="Sheetfile" value="rm3100Remote.kicad_sch"/>
      <property name="ki_description" value="Resistor, small US symbol"/>
      <property name="ki_keywords" value="r resistor"/>
      <sheetpath names="/" tstamps="/"/>
      <tstamps>00000000-0000-0000-0000-00005f4400ee</tstamps>
    </comp>
    <comp ref="R12">
      <value>10k</value>
      <footprint>Resistor_SMD:R_0603_1608Metric</footprint>
      <fields>
        <field name="LCSC">C25804</field>
      </fields>
      <libsource lib="Device" part="R_US" description="Resistor, US symbol"/>
      <property name="LCSC" value="C25804"/>
      <property name="Sheetname" value=""/>
      <property name="Sheetfile" value="rm3100Remote.kicad_sch"/>
      <property name="ki_description" value="Resistor, US symbol"/>
      <property name="ki_keywords" value="R res resistor"/>
      <sheetpath names="/" tstamps="/"/>
      <tstamps>00000000-0000-0000-0000-00005f863183</tstamps>
    </comp>
    <comp ref="R13">
      <value>10k</value>
      <footprint>Resistor_SMD:R_0603_1608Metric</footprint>
      <fields>
        <field name="LCSC">C25804</field>
      </fields>
      <libsource lib="Device" part="R_US" description="Resistor, US symbol"/>
      <property name="LCSC" value="C25804"/>
      <property name="Sheetname" value=""/>
      <property name="Sheetfile" value="rm3100Remote.kicad_sch"/>
      <property name="ki_description" value="Resistor, US symbol"/>
      <property name="ki_keywords" value="R res resistor"/>
      <sheetpath names="/" tstamps="/"/>
      <tstamps>00000000-0000-0000-0000-00005f882618</tstamps>
    </comp>
    <comp ref="U1">
      <value>MCP9808_MSOP</value>
      <footprint>Package_SO:MSOP-8_3x3mm_P0.65mm</footprint>
      <datasheet>http://ww1.microchip.com/downloads/en/DeviceDoc/22203b.pdf</datasheet>
      <fields>
        <field name="LCSC">C94847</field>
      </fields>
      <libsource lib="Sensor_Temp_Lib" part="MCP9808_MSOP" description="Microchip Technology Digital Temperature Sensor MSOP"/>
      <property name="LCSC" value="C94847"/>
      <property name="Sheetname" value=""/>
      <property name="Sheetfile" value="rm3100Remote.kicad_sch"/>
      <property name="ki_description" value="Microchip Technology Digital Temperature Sensor MSOP"/>
      <property name="ki_keywords" value="temperature sensor I2C"/>
      <sheetpath names="/" tstamps="/"/>
      <tstamps>00000000-0000-0000-0000-00005f76bdd1</tstamps>
    </comp>
    <comp ref="U2">
      <value>PCA9615DPJ</value>
      <footprint>basic-rm3100:TSSOP-10_3x3mm_P0.5mm</footprint>
      <fields>
        <field name="LCSC">C2652385</field>
      </fields>
      <libsource lib="interface_local" part="PCA9615DPJ" description=""/>
      <property name="LCSC" value="C2652385"/>
      <property name="Sheetname" value=""/>
      <property name="Sheetfile" value="rm3100Remote.kicad_sch"/>
      <sheetpath names="/" tstamps="/"/>
      <tstamps>00000000-0000-0000-0000-00005f23874f</tstamps>
    </comp>
    <comp ref="U3">
      <value>PNI-RM3100mag</value>
      <footprint>basic-rm3100:PinSocket_PNI_RM3100</footprint>
      <libsource lib="interface_local" part="PNI-RM3100mag" description=""/>
      <property name="LCSC" value=""/>
      <property name="Sheetname" value=""/>
      <property name="Sheetfile" value="rm3100Remote.kicad_sch"/>
      <sheetpath names="/" tstamps="/"/>
      <tstamps>00000000-0000-0000-0000-00005f79fe04</tstamps>
    </comp>
    <comp ref="U5">
      <value>AP2210N-3.0</value>
      <footprint>Base_Folder:SOT95P280X145-3N</footprint>
      <datasheet>https://www.diodes.com/assets/Datasheets/AP2210.pdf</datasheet>
      <fields>
        <field name="LCSC">C500771</field>
      </fields>
      <libsource lib="AP2210N-3.0TRG1" part="AP2210N-3.0TRG1" description=""/>
      <property name="LCSC" value="C500771"/>
      <property name="Sheetname" value=""/>
      <property name="Sheetfile" value="rm3100Remote.kicad_sch"/>
      <sheetpath names="/" tstamps="/"/>
      <tstamps>00000000-0000-0000-0000-00005f60dd19</tstamps>
    </comp>
  </components>
  <libparts>
    <libpart lib="AP2210N-3.0TRG1" part="AP2210N-3.0TRG1">
      <docs>Diodes Inc</docs>
      <fields>
        <field name="Reference">U</field>
        <field name="Value">AP2210N-3.0TRG1</field>
        <field name="Footprint">SOT95P280X145-3N</field>
        <field name="Datasheet">Diodes Inc</field>
      </fields>
      <pins>
        <pin num="1" name="GND" type="power_in"/>
        <pin num="2" name="VOUT" type="output"/>
        <pin num="3" name="VIN" type="input"/>
      </pins>
    </libpart>
    <libpart lib="Connector" part="RJ45_Shielded">
      <description>RJ connector, 8P8C (8 positions 8 connected), Shielded</description>
      <docs>~</docs>
      <footprints>
        <fp>8P8C*</fp>
        <fp>RJ31*</fp>
        <fp>RJ32*</fp>
        <fp>RJ33*</fp>
        <fp>RJ34*</fp>
        <fp>RJ35*</fp>
        <fp>RJ41*</fp>
        <fp>RJ45*</fp>
        <fp>RJ49*</fp>
        <fp>RJ61*</fp>
      </footprints>
      <fields>
        <field name="Reference">J</field>
        <field name="Value">RJ45_Shielded</field>
        <field name="Datasheet">~</field>
      </fields>
      <pins>
        <pin num="1" name="" type="passive"/>
        <pin num="2" name="" type="passive"/>
        <pin num="3" name="" type="passive"/>
        <pin num="4" name="" type="passive"/>
        <pin num="5" name="" type="passive"/>
        <pin num="6" name="" type="passive"/>
        <pin num="7" name="" type="passive"/>
        <pin num="8" name="" type="passive"/>
        <pin num="SH" name="" type="passive"/>
      </pins>
    </libpart>
    <libpart lib="Connector_Generic" part="Conn_01x03">
      <description>Generic connector, single row, 01x03, script generated (kicad-library-utils/schlib/autogen/connector/)</description>
      <docs>~</docs>
      <footprints>
        <fp>Connector*:*_1x??_*</fp>
      </footprints>
      <fields>
        <field name="Reference">J</field>
        <field name="Value">Conn_01x03</field>
        <field name="Datasheet">~</field>
      </fields>
      <pins>
        <pin num="1" name="Pin_1" type="passive"/>
        <pin num="2" name="Pin_2" type="passive"/>
        <pin num="3" name="Pin_3" type="passive"/>
      </pins>
    </libpart>
    <libpart lib="Connector_Generic" part="Conn_01x04">
      <description>Generic connector, single row, 01x04, script generated (kicad-library-utils/schlib/autogen/connector/)</description>
      <docs>~</docs>
      <footprints>
        <fp>Connector*:*_1x??_*</fp>
      </footprints>
      <fields>
        <field name="Reference">J</field>
        <field name="Value">Conn_01x04</field>
        <field name="Datasheet">~</field>
      </fields>
      <pins>
        <pin num="1" name="Pin_1" type="passive"/>
        <pin num="2" name="Pin_2" type="passive"/>
        <pin num="3" name="Pin_3" type="passive"/>
        <pin num="4" name="Pin_4" type="passive"/>
      </pins>
    </libpart>
    <libpart lib="Connector_Generic" part="Conn_01x09">
      <description>Generic connector, single row, 01x09, script generated (kicad-library-utils/schlib/autogen/connector/)</description>
      <docs>~</docs>
      <footprints>
        <fp>Connector*:*_1x??_*</fp>
      </footprints>
      <fields>
        <field name="Reference">J</field>
        <field name="Value">Conn_01x09</field>
        <field name="Datasheet">~</field>
      </fields>
      <pins>
        <pin num="1" name="Pin_1" type="passive"/>
        <pin num="2" name="Pin_2" type="passive"/>
        <pin num="3" name="Pin_3" type="passive"/>
        <pin num="4" name="Pin_4" type="passive"/>
        <pin num="5" name="Pin_5" type="passive"/>
        <pin num="6" name="Pin_6" type="passive"/>
        <pin num="7" name="Pin_7" type="passive"/>
        <pin num="8" name="Pin_8" type="passive"/>
        <pin num="9" name="Pin_9" type="passive"/>
      </pins>
    </libpart>
    <libpart lib="Device" part="C_Small">
      <description>Unpolarized capacitor, small symbol</description>
      <docs>~</docs>
      <footprints>
        <fp>C_*</fp>
      </footprints>
      <fields>
        <field name="Reference">C</field>
        <field name="Value">C_Small</field>
        <field name="Datasheet">~</field>
      </fields>
      <pins>
        <pin num="1" name="" type="passive"/>
        <pin num="2" name="" type="passive"/>
      </pins>
    </libpart>
    <libpart lib="Device" part="FerriteBead_Small">
      <description>Ferrite bead, small symbol</description>
      <docs>~</docs>
      <footprints>
        <fp>Inductor_*</fp>
        <fp>L_*</fp>
        <fp>*Ferrite*</fp>
      </footprints>
      <fields>
        <field name="Reference">FB</field>
        <field name="Value">FerriteBead_Small</field>
        <field name="Datasheet">~</field>
      </fields>
      <pins>
        <pin num="1" name="" type="passive"/>
        <pin num="2" name="" type="passive"/>
      </pins>
    </libpart>
    <libpart lib="Device" part="Polyfuse_Small">
      <description>Resettable fuse, polymeric positive temperature coefficient, small symbol</description>
      <docs>~</docs>
      <footprints>
        <fp>*polyfuse*</fp>
        <fp>*PTC*</fp>
      </footprints>
      <fields>
        <field name="Reference">F</field>
        <field name="Value">Polyfuse_Small</field>
        <field name="Datasheet">~</field>
      </fields>
      <pins>
        <pin num="1" name="" type="passive"/>
        <pin num="2" name="" type="passive"/>
      </pins>
    </libpart>
    <libpart lib="Device" part="R_Small_US">
      <description>Resistor, small US symbol</description>
      <docs>~</docs>
      <footprints>
        <fp>R_*</fp>
      </footprints>
      <fields>
        <field name="Reference">R</field>
        <field name="Value">R_Small_US</field>
        <field name="Datasheet">~</field>
      </fields>
      <pins>
        <pin num="1" name="" type="passive"/>
        <pin num="2" name="" type="passive"/>
      </pins>
    </libpart>
    <libpart lib="Device" part="R_US">
      <description>Resistor, US symbol</description>
      <docs>~</docs>
      <footprints>
        <fp>R_*</fp>
      </footprints>
      <fields>
        <field name="Reference">R</field>
        <field name="Value">R_US</field>
        <field name="Datasheet">~</field>
      </fields>
      <pins>
        <pin num="1" name="" type="passive"/>
        <pin num="2" name="" type="passive"/>
      </pins>
    </libpart>
    <libpart lib="Diode" part="1N4148">
      <description>100V 0.15A standard switching diode, DO-35</description>
      <docs>https://assets.nexperia.com/documents/data-sheet/1N4148_1N4448.pdf</docs>
      <footprints>
        <fp>D*DO?35*</fp>
      </footprints>
      <fields>
        <field name="Reference">D</field>
        <field name="Value">1N4148</field>
        <field name="Footprint">Diode_THT:D_DO-35_SOD27_P7.62mm_Horizontal</field>
        <field name="Datasheet">https://assets.nexperia.com/documents/data-sheet/1N4148_1N4448.pdf</field>
        <field name="Sim.Device">D</field>
        <field name="Sim.Pins">1=K 2=A</field>
      </fields>
      <pins>
        <pin num="1" name="K" type="passive"/>
        <pin num="2" name="A" type="passive"/>
      </pins>
    </libpart>
    <libpart lib="Jumper" part="Jumper_2_Bridged">
      <description>Jumper, 2-pole, closed/bridged</description>
      <docs>~</docs>
      <footprints>
        <fp>Jumper*</fp>
        <fp>TestPoint*2Pads*</fp>
        <fp>TestPoint*Bridge*</fp>
      </footprints>
      <fields>
        <field name="Reference">JP</field>
        <field name="Value">Jumper_2_Bridged</field>
        <field name="Datasheet">~</field>
      </fields>
      <pins>
        <pin num="1" name="A" type="passive"/>
        <pin num="2" name="B" type="passive"/>
      </pins>
    </libpart>
    <libpart lib="Jumper" part="SolderJumper_2_Bridged">
      <description>Solder Jumper, 2-pole, closed/bridged</description>
      <docs>~</docs>
      <footprints>
        <fp>SolderJumper*Bridged*</fp>
      </footprints>
      <fields>
        <field name="Reference">JP</field>
        <field name="Value">SolderJumper_2_Bridged</field>
        <field name="Datasheet">~</field>
      </fields>
      <pins>
        <pin num="1" name="A" type="passive"/>
        <pin num="2" name="B" type="passive"/>
      </pins>
    </libpart>
    <libpart lib="Jumper" part="SolderJumper_2_Open">
      <description>Solder Jumper, 2-pole, open</description>
      <docs>~</docs>
      <footprints>
        <fp>SolderJumper*Open*</fp>
      </footprints>
      <fields>
        <field name="Reference">JP</field>
        <field name="Value">SolderJumper_2_Open</field>
        <field name="Datasheet">~</field>
      </fields>
      <pins>
        <pin num="1" name="A" type="passive"/>
        <pin num="2" name="B" type="passive"/>
      </pins>
    </libpart>
    <libpart lib="Mechanical" part="MountingHole">
      <description>Mounting Hole without connection</description>
      <docs>~</docs>
      <footprints>
        <fp>MountingHole*</fp>
      </footprints>
      <fields>
        <field name="Reference">H</field>
        <field name="Value">MountingHole</field>
        <field name="Datasheet">~</field>
      </fields>
    </libpart>
    <libpart lib="Regulator_Linear" part="LM1117MP-3.3">
      <description>800mA Low-Dropout Linear Regulator, 3.3V fixed output, SOT-223</description>
      <docs>http://www.ti.com/lit/ds/symlink/lm1117.pdf</docs>
      <footprints>
        <fp>SOT?223*</fp>
      </footprints>
      <fields>
        <field name="Reference">U</field>
        <field name="Value">LM1117MP-3.3</field>
        <field name="Footprint">Package_TO_SOT_SMD:SOT-223-3_TabPin2</field>
        <field name="Datasheet">http://www.ti.com/lit/ds/symlink/lm1117.pdf</field>
      </fields>
      <pins>
        <pin num="1" name="GND" type="power_in"/>
        <pin num="2" name="VO" type="power_out"/>
        <pin num="3" name="VI" type="power_in"/>
      </pins>
    </libpart>
    <libpart lib="Sensor_Temp_Lib" part="MCP9808_MSOP">
      <description>Microchip Technology Digital Temperature Sensor MSOP</description>
      <docs>http://ww1.microchip.com/downloads/en/DeviceDoc/22203b.pdf</docs>
      <footprints>
        <fp>MSOP*3x3mm*P0.65mm*</fp>
      </footprints>
      <fields>
        <field name="Reference">U</field>
        <field name="Value">MCP9808_MSOP</field>
        <field name="Footprint">Package_SO:MSOP-8_3x3mm_P0.65mm</field>
        <field name="Datasheet">http://ww1.microchip.com/downloads/en/DeviceDoc/22203b.pdf</field>
      </fields>
      <pins>
        <pin num="1" name="SDA" type="bidirectional"/>
        <pin num="2" name="SCL" type="input"/>
        <pin num="3" name="Alert" type="unspecified"/>
        <pin num="4" name="GND" type="power_in"/>
        <pin num="5" name="A2" type="input"/>
        <pin num="6" name="A1" type="input"/>
        <pin num="7" name="A0" type="input"/>
        <pin num="8" name="VDD" type="power_in"/>
      </pins>
    </libpart>
    <libpart lib="interface_local" part="PCA9615DPJ">
      <fields>
        <field name="Reference">U</field>
        <field name="Value">PCA9615DPJ</field>
        <field name="Footprint">basic-rm3100:TSSOP-10_3x3mm_P0.5mm</field>
      </fields>
      <pins>
        <pin num="1" name="VDDA" type="input"/>
        <pin num="2" name="SDA" type="input"/>
        <pin num="3" name="EN" type="input"/>
        <pin num="4" name="SCL" type="input"/>
        <pin num="5" name="GND" type="input"/>
        <pin num="6" name="DSCL-" type="input"/>
        <pin num="7" name="DSCL+" type="bidirectional"/>
        <pin num="8" name="DSDA+" type="input"/>
        <pin num="9" name="DSDA-" type="input"/>
        <pin num="10" name="VDDB" type="input"/>
      </pins>
    </libpart>
    <libpart lib="interface_local" part="PNI-RM3100mag">
      <fields>
        <field name="Reference">U</field>
        <field name="Value">PNI-RM3100mag</field>
        <field name="Footprint">basic-rm3100:PinSocket_PNI_RM3100</field>
      </fields>
      <pins>
        <pin num="1" name="SCL/SCK" type="passive"/>
        <pin num="2" name="SA1/S0" type="passive"/>
        <pin num="3" name="SDA/SI" type="passive"/>
        <pin num="4" name="SA0/SSN" type="passive"/>
        <pin num="5" name="DRDY" type="output"/>
        <pin num="6" name="NC" type="no_connect"/>
        <pin num="7" name="AVSS" type="passive"/>
        <pin num="8" name="NC" type="no_connect"/>
        <pin num="9" name="NC" type="no_connect"/>
        <pin num="10" name="I2C_EN" type="passive"/>
        <pin num="11" name="NC" type="no_connect"/>
        <pin num="12" name="DVDD" type="passive"/>
        <pin num="13" name="AVDD" type="passive"/>
        <pin num="14" name="DVSS" type="passive"/>
      </pins>
    </libpart>
  </libparts>
  <libraries>
    <library logical="AP2210N-3.0TRG1">
      <uri>/home/dave/Projects/PSWS-project-redux/rm3100Remote/AP2210N-3.0TRG1.lib</uri>
    </library>
    <library logical="Connector">
      <uri>/usr/share/kicad/symbols//Connector.kicad_sym</uri>
    </library>
    <library logical="Connector_Generic">
      <uri>/usr/share/kicad/symbols//Connector_Generic.kicad_sym</uri>
    </library>
    <library logical="Device">
      <uri>/usr/share/kicad/symbols//Device.kicad_sym</uri>
    </library>
    <library logical="Diode">
      <uri>/usr/share/kicad/symbols//Diode.kicad_sym</uri>
    </library>
    <library logical="Jumper">
      <uri>/usr/share/kicad/symbols//Jumper.kicad_sym</uri>
    </library>
    <library logical="Mechanical">
      <uri>/usr/share/kicad/symbols//Mechanical.kicad_sym</uri>
    </library>
    <library logical="Regulator_Linear">
      <uri>/usr/share/kicad/symbols//Regulator_Linear.kicad_sym</uri>
    </library>
    <library logical="Sensor_Temp_Lib">
      <uri>/home/dave/Projects/PSWS-project-redux/rm3100Remote/Sensor_Temperature.lib</uri>
    </library>
    <library logical="interface_local">
      <uri>/mnt/nvme0n1p1/home/dave/Projects/PSWS-project-redux/rm3100PiHatLocal/Interface.lib</uri>
    </library>
  </libraries>
  <nets>
    <net code="1" name="DSCL+">
      <node ref="J4" pin="7" pinfunction="Pin_7" pintype="passive"/>
      <node ref="R1" pin="2" pintype="passive"/>
      <node ref="R2" pin="1" pintype="passive"/>
      <node ref="U2" pin="7" pinfunction="DSCL+" pintype="bidirectional"/>
    </net>
    <net code="2" name="DSCL-">
      <node ref="J4" pin="6" pinfunction="Pin_6" pintype="passive"/>
      <node ref="R2" pin="2" pintype="passive"/>
      <node ref="R3" pin="1" pintype="passive"/>
      <node ref="U2" pin="6" pinfunction="DSCL-" pintype="input"/>
    </net>
    <net code="3" name="DSDA+">
      <node ref="J4" pin="5" pinfunction="Pin_5" pintype="passive"/>
      <node ref="R4" pin="2" pintype="passive"/>
      <node ref="R5" pin="1" pintype="passive"/>
      <node ref="U2" pin="8" pinfunction="DSDA+" pintype="input"/>
    </net>
    <net code="4" name="DSDA-">
      <node ref="J4" pin="4" pinfunction="Pin_4" pintype="passive"/>
      <node ref="R5" pin="2" pintype="passive"/>
      <node ref="R6" pin="1" pintype="passive"/>
      <node ref="U2" pin="9" pinfunction="DSDA-" pintype="input"/>
    </net>
    <net code="5" name="GND">
      <node ref="C1" pin="2" pintype="passive"/>
      <node ref="C10" pin="2" pintype="passive"/>
      <node ref="C11" pin="2" pintype="passive"/>
      <node ref="C2" pin="1" pintype="passive"/>
      <node ref="C3" pin="1" pintype="passive"/>
      <node ref="C4" pin="2" pintype="passive"/>
      <node ref="C5" pin="2" pintype="passive"/>
      <node ref="C6" pin="2" pintype="passive"/>
      <node ref="C7" pin="2" pintype="passive"/>
      <node ref="C8" pin="2" pintype="passive"/>
      <node ref="C9" pin="2" pintype="passive"/>
      <node ref="J3" pin="3" pinfunction="Pin_3" pintype="passive"/>
      <node ref="J4" pin="9" pinfunction="Pin_9" pintype="passive"/>
      <node ref="J6" pin="1" pinfunction="Pin_1" pintype="passive"/>
      <node ref="JP10" pin="2" pinfunction="B" pintype="passive"/>
      <node ref="JP2" pin="2" pinfunction="B" pintype="passive"/>
      <node ref="JP3" pin="2" pinfunction="B" pintype="passive"/>
      <node ref="JP4" pin="2" pinfunction="B" pintype="passive"/>
      <node ref="JP5" pin="2" pinfunction="B" pintype="passive"/>
      <node ref="R3" pin="2" pintype="passive"/>
      <node ref="R6" pin="2" pintype="passive"/>
      <node ref="U1" pin="4" pinfunction="GND" pintype="power_in"/>
      <node ref="U2" pin="5" pinfunction="GND" pintype="input"/>
      <node ref="U3" pin="14" pinfunction="DVSS" pintype="passive"/>
      <node ref="U3" pin="7" pinfunction="AVSS" pintype="passive"/>
      <node ref="U5" pin="1" pinfunction="GND" pintype="power_in"/>
    </net>
    <net code="6" name="Net-(D1-A)">
      <node ref="C1" pin="1" pintype="passive"/>
      <node ref="D1" pin="2" pinfunction="A" pintype="passive"/>
      <node ref="U2" pin="3" pinfunction="EN" pintype="input"/>
    </net>
    <net code="7" name="Net-(J3-Pin_2)">
      <node ref="J3" pin="2" pinfunction="Pin_2" pintype="passive"/>
      <node ref="R8" pin="2" pintype="passive"/>
      <node ref="U1" pin="7" pinfunction="A0" pintype="input"/>
    </net>
    <net code="8" name="Net-(JP1-B)">
      <node ref="JP1" pin="2" pinfunction="B" pintype="passive"/>
      <node ref="R10" pin="1" pintype="passive"/>
      <node ref="R11" pin="1" pintype="passive"/>
    </net>
    <net code="9" name="Net-(JP2-A)">
      <node ref="JP2" pin="1" pinfunction="A" pintype="passive"/>
      <node ref="R7" pin="2" pintype="passive"/>
      <node ref="U1" pin="6" pinfunction="A1" pintype="input"/>
    </net>
    <net code="10" name="Net-(JP3-A)">
      <node ref="JP3" pin="1" pinfunction="A" pintype="passive"/>
      <node ref="R9" pin="2" pintype="passive"/>
      <node ref="U1" pin="5" pinfunction="A2" pintype="input"/>
    </net>
    <net code="11" name="Net-(JP4-A)">
      <node ref="JP4" pin="1" pinfunction="A" pintype="passive"/>
      <node ref="R12" pin="2" pintype="passive"/>
      <node ref="U3" pin="4" pinfunction="SA0/SSN" pintype="passive"/>
    </net>
    <net code="12" name="Net-(JP5-A)">
      <node ref="JP5" pin="1" pinfunction="A" pintype="passive"/>
      <node ref="R13" pin="2" pintype="passive"/>
      <node ref="U3" pin="2" pinfunction="SA1/S0" pintype="passive"/>
    </net>
    <net code="13" name="Net-(JP6-B)">
      <node ref="C8" pin="1" pintype="passive"/>
      <node ref="JP6" pin="2" pinfunction="B" pintype="passive"/>
    </net>
    <net code="14" name="Net-(JP7-A)">
      <node ref="C9" pin="1" pintype="passive"/>
      <node ref="JP7" pin="1" pinfunction="A" pintype="passive"/>
    </net>
    <net code="15" name="Net-(JP8-B)">
      <node ref="C10" pin="1" pintype="passive"/>
      <node ref="JP8" pin="2" pinfunction="B" pintype="passive"/>
      <node ref="U5" pin="3" pinfunction="VIN" pintype="input"/>
    </net>
    <net code="16" name="Net-(JP9-A)">
      <node ref="C11" pin="1" pintype="passive"/>
      <node ref="JP9" pin="1" pinfunction="A" pintype="passive"/>
      <node ref="U5" pin="2" pinfunction="VOUT" pintype="output"/>
    </net>
    <net code="17" name="Net-(JP10-A)">
      <node ref="JP10" pin="1" pinfunction="A" pintype="passive"/>
    </net>
    <net code="18" name="Net-(U2-VDDB)">
      <node ref="C2" pin="2" pintype="passive"/>
      <node ref="C3" pin="2" pintype="passive"/>
      <node ref="F1" pin="1" pintype="passive"/>
      <node ref="F1" pin="2" pintype="passive"/>
      <node ref="FB1" pin="2" pintype="passive"/>
      <node ref="U2" pin="10" pinfunction="VDDB" pintype="input"/>
    </net>
    <net code="19" name="SCL">
      <node ref="J4" pin="3" pinfunction="Pin_3" pintype="passive"/>
      <node ref="J6" pin="4" pinfunction="Pin_4" pintype="passive"/>
      <node ref="R11" pin="2" pintype="passive"/>
      <node ref="U1" pin="2" pinfunction="SCL" pintype="input"/>
      <node ref="U2" pin="4" pinfunction="SCL" pintype="input"/>
      <node ref="U3" pin="1" pinfunction="SCL/SCK" pintype="passive"/>
    </net>
    <net code="20" name="SDA">
      <node ref="J4" pin="2" pinfunction="Pin_2" pintype="passive"/>
      <node ref="J6" pin="3" pinfunction="Pin_3" pintype="passive"/>
      <node ref="R10" pin="2" pintype="passive"/>
      <node ref="U1" pin="1" pinfunction="SDA" pintype="bidirectional"/>
      <node ref="U2" pin="2" pinfunction="SDA" pintype="input"/>
      <node ref="U3" pin="3" pinfunction="SDA/SI" pintype="passive"/>
    </net>
    <net code="21" name="VDDA">
      <node ref="C4" pin="1" pintype="passive"/>
      <node ref="C5" pin="1" pintype="passive"/>
      <node ref="D1" pin="1" pinfunction="K" pintype="passive"/>
      <node ref="J4" pin="1" pinfunction="Pin_1" pintype="passive"/>
      <node ref="J6" pin="2" pinfunction="Pin_2" pintype="passive"/>
      <node ref="JP1" pin="1" pinfunction="A" pintype="passive"/>
      <node ref="JP7" pin="2" pinfunction="B" pintype="passive"/>
      <node ref="JP9" pin="2" pinfunction="B" pintype="passive"/>
      <node ref="R12" pin="1" pintype="passive"/>
      <node ref="R13" pin="1" pintype="passive"/>
      <node ref="R7" pin="1" pintype="passive"/>
      <node ref="R8" pin="1" pintype="passive"/>
      <node ref="R9" pin="1" pintype="passive"/>
      <node ref="U1" pin="8" pinfunction="VDD" pintype="power_in"/>
      <node ref="U2" pin="1" pinfunction="VDDA" pintype="input"/>
      <node ref="U3" pin="10" pinfunction="I2C_EN" pintype="passive"/>
      <node ref="U3" pin="12" pinfunction="DVDD" pintype="passive"/>
      <node ref="U3" pin="13" pinfunction="AVDD" pintype="passive"/>
    </net>
    <net code="22" name="VDDB">
      <node ref="C6" pin="1" pintype="passive"/>
      <node ref="C7" pin="1" pintype="passive"/>
      <node ref="FB1" pin="1" pintype="passive"/>
      <node ref="J4" pin="8" pinfunction="Pin_8" pintype="passive"/>
      <node ref="JP6" pin="1" pinfunction="A" pintype="passive"/>
      <node ref="JP8" pin="1" pinfunction="A" pintype="passive"/>
      <node ref="R1" pin="1" pintype="passive"/>
      <node ref="R4" pin="1" pintype="passive"/>
    </net>
    <net code="23" name="unconnected-(J3-Pin_1-Pad1)">
      <node ref="J3" pin="1" pinfunction="Pin_1" pintype="passive+no_connect"/>
    </net>
    <net code="24" name="unconnected-(U1-Alert-Pad3)">
      <node ref="U1" pin="3" pinfunction="Alert" pintype="unspecified+no_connect"/>
    </net>
    <net code="25" name="unconnected-(U3-DRDY-Pad5)">
      <node ref="U3" pin="5" pinfunction="DRDY" pintype="output+no_connect"/>
    </net>
    <net code="26" name="unconnected-(U3-NC-Pad6)">
      <node ref="U3" pin="6" pinfunction="NC" pintype="no_connect"/>
    </net>
    <net code="27" name="unconnected-(U3-NC-Pad8)">
      <node ref="U3" pin="8" pinfunction="NC" pintype="no_connect"/>
    </net>
    <net code="28" name="unconnected-(U3-NC-Pad9)">
      <node ref="U3" pin="9" pinfunction="NC" pintype="no_connect"/>
    </net>
    <net code="29" name="unconnected-(U3-NC-Pad11)">
      <node ref="U3" pin="11" pinfunction="NC" pintype="no_connect"/>
    </net>
  </nets>
</export>
