Designator,Footprint,Quantity,Value,LCSC Part #
C1,603,1,0.1 uf,
"C2, C4, C5, C6, C7",603,5,0.1uf,
C3,603,1,1000pf,
D1,603,1,1N4148,
F1,603,1,Polyfuse,
FB1,603,1,Ferrite,
J1,RJ45_Amphenol_RJHSE5380,1,RJ45_Shielded,
J2,PinHeader_1x02_P2.54mm_Vertical,1,Shell GND,
J6,JST_SH_SM04B-SRSS-TB_1x04-1MP_P1.00mm_Horizontal,1,JST-SH4 Qwiic,
"MK1, MK2",MountingHole_3.2mm_M3_Pad_TopBottom,2,M2.5,
P1,PinSocket_2x20_P2.54mm_Vertical,1,PI 40pin GPIO,
"R1, R3, R4, R6",603,4,390 ohm,
"R10, R11",603,2,4.7k,
"R2, R5",603,2,100 ohm,
TP1,TestPoint_THTPad_1.5x1.5mm_Drill0.7mm,1,TP SDA,
TP2,TestPoint_THTPad_1.5x1.5mm_Drill0.7mm,1,TP-SCL,
TP3,TestPoint_THTPad_1.5x1.5mm_Drill0.7mm,1,TP-DSDA-,
TP4,TestPoint_THTPad_1.5x1.5mm_Drill0.7mm,1,TP-DSDA+,
TP5,TestPoint_THTPad_1.5x1.5mm_Drill0.7mm,1,TP-DSCL+,
TP6,TestPoint_THTPad_1.5x1.5mm_Drill0.7mm,1,TP-DSCL-,
TP7,TestPoint_THTPad_1.5x1.5mm_Drill0.7mm,1,TP_GND,
U2,TSSOP-10_3x3mm_P0.5mm,1,PCA9615DPJ,
