Reference, Value, Footprint, Datasheet
"MK1","M2.5","MountingHole:MountingHole_2.5mm",""
"MK2","M2.5","MountingHole:MountingHole_2.5mm",""
"U2","PCA9615DPJ","Base_Folder:TSSOP-10_3x3mm_P0.5mm",""
"F1","Polyfuse","Fuse:Fuse_0805_2012Metric_Pad1.15x1.40mm_HandSolder","~"
"C3","1000pf","Capacitor_SMD:C_0805_2012Metric_Pad1.15x1.40mm_HandSolder","~"
"C2","0.1uf","Capacitor_SMD:C_0805_2012Metric_Pad1.15x1.40mm_HandSolder","~"
"J1","RJ45_Shielded","Connector_RJ:RJ45_Amphenol_RJHSE5380","~"
"FB1","Ferrite","Digikey_Footprints:0805","~"
"D1","1N4148","Diode_SMD:D_0805_2012Metric_Pad1.15x1.40mm_HandSolder","https://assets.nexperia.com/documents/data-sheet/1N4148_1N4448.pdf"
"C1","0.1 uf","Capacitor_SMD:C_0805_2012Metric_Pad1.15x1.40mm_HandSolder","~"
"R4","390","Resistor_SMD:R_0805_2012Metric_Pad1.15x1.40mm_HandSolder","~"
"R1","390","Resistor_SMD:R_0805_2012Metric_Pad1.15x1.40mm_HandSolder","~"
"R2","100","Resistor_SMD:R_0805_2012Metric_Pad1.15x1.40mm_HandSolder","~"
"R3","390","Resistor_SMD:R_0805_2012Metric_Pad1.15x1.40mm_HandSolder","~"
"R5","100","Resistor_SMD:R_0805_2012Metric_Pad1.15x1.40mm_HandSolder","~"
"R6","390","Resistor_SMD:R_0805_2012Metric_Pad1.15x1.40mm_HandSolder","~"
"R7","10k","Resistor_SMD:R_0805_2012Metric_Pad1.15x1.40mm_HandSolder","~"
"J6","JST-SH4 Qwiic","Connector_JST:JST_SH_SM04B-SRSS-TB_1x04-1MP_P1.00mm_Horizontal","~"
"C4","0.1uf","Capacitor_SMD:C_0805_2012Metric_Pad1.15x1.40mm_HandSolder","~"
"C5","0.1uf","Capacitor_SMD:C_0805_2012Metric_Pad1.15x1.40mm_HandSolder","~"
"C6","0.1uf","Capacitor_SMD:C_0805_2012Metric_Pad1.15x1.40mm_HandSolder","~"
"C7","0.1uf","Capacitor_SMD:C_0805_2012Metric_Pad1.15x1.40mm_HandSolder","~"
"J3","A0","Connector_PinHeader_2.54mm:PinHeader_1x03_P2.54mm_Vertical","~"
"R10","4.7k","Resistor_SMD:R_0805_2012Metric_Pad1.15x1.40mm_HandSolder","~"
"R11","4.7k","Resistor_SMD:R_0805_2012Metric_Pad1.15x1.40mm_HandSolder","~"
"JP1","I2C PullUps","Base_Folder:SolderJumper-3_P1.3mm_Bridged123_RoundedPad1.0x1.5mm","~"
"R8","10k","Resistor_SMD:R_0805_2012Metric_Pad1.15x1.40mm_HandSolder","~"
"JP2","A1","Jumper:SolderJumper-2_P1.3mm_Bridged_Pad1.0x1.5mm","~"
"JP3","A2","Jumper:SolderJumper-2_P1.3mm_Bridged_Pad1.0x1.5mm","~"
"U1","MCP9808_MSOP","Package_SO:MSOP-8_3x3mm_P0.65mm","http://ww1.microchip.com/downloads/en/DeviceDoc/22203b.pdf"
"U3","PNI-RM3100mag","Base_Folder:PinSocket_PNI_RM3100",""
"JP5","SA1","Jumper:SolderJumper-2_P1.3mm_Bridged_Pad1.0x1.5mm","~"
"JP4","SA0","Jumper:SolderJumper-2_P1.3mm_Bridged_Pad1.0x1.5mm","~"
"R12","10k","Resistor_SMD:R_0805_2012Metric_Pad1.15x1.40mm_HandSolder","~"
"R13","10k","Resistor_SMD:R_0805_2012Metric_Pad1.15x1.40mm_HandSolder","~"
"MK3","M2.5","MountingHole:MountingHole_2.5mm",""
"MK4","M2.5","MountingHole:MountingHole_2.5mm",""
"R9","10k","Resistor_SMD:R_0805_2012Metric_Pad1.15x1.40mm_HandSolder","~"
"U4","LM1117-3.3","Package_TO_SOT_SMD:SOT-223-3_TabPin2","http://www.ti.com/lit/ds/symlink/lm1117.pdf"
"C8","0.1uf","Capacitor_SMD:C_0805_2012Metric_Pad1.15x1.40mm_HandSolder","~"
"C9","10uf","Capacitor_SMD:C_0805_2012Metric_Pad1.15x1.40mm_HandSolder","~"
"C10","1.0uf","Capacitor_SMD:C_0805_2012Metric_Pad1.15x1.40mm_HandSolder","~"
"C11","2.2uf","Capacitor_SMD:C_0805_2012Metric_Pad1.15x1.40mm_HandSolder","~"
"U5","AP2210N-3.0TRG1","Base_Folder:SOT95P280X145-3N","https://www.diodes.com/assets/Datasheets/AP2210.pdf"
"J4","Test Points","Connector_PinHeader_2.54mm:PinHeader_1x09_P2.54mm_Vertical","~"
"JP7","sj2","Jumper:SolderJumper-2_P1.3mm_Open_Pad1.0x1.5mm","~"
"JP6","sj2","Jumper:SolderJumper-2_P1.3mm_Open_Pad1.0x1.5mm","~"
"JP8","sj2","Jumper:SolderJumper-2_P1.3mm_Bridged_Pad1.0x1.5mm","~"
"JP9","sj2","Jumper:SolderJumper-2_P1.3mm_Bridged_Pad1.0x1.5mm","~"
"JP10","SJ_0pen","Jumper:SolderJumper-2_P1.3mm_Open_RoundedPad1.0x1.5mm","~"
